CONTENT_CODE,TYPE_ID,AGE_RATING_ID,DIRECTOR_ID,TITLE,RELEASE_DATE,DURATION,IS_UP_TO_DATE
CONTENT_00000001,1,2,714,Question let.,2024-07-09,180,0
CONTENT_00000002,5,3,410,Movie get.,2022-01-02,180,0
CONTENT_00000003,4,3,894,Send score cause cultural.,2017-09-21,180,0
CONTENT_00000004,5,4,979,Air right.,2019-08-03,180,0
CONTENT_00000005,1,1,427,Improve drop into inside artist.,2023-11-24,180,0
CONTENT_00000006,1,1,884,Arrive choose will able despite.,2023-11-15,180,0
CONTENT_00000007,3,4,740,Tend field.,2019-08-12,180,0
CONTENT_00000008,1,2,147,Book agent field fly.,2025-04-25,180,0
CONTENT_00000009,3,1,832,Car record.,2021-09-19,180,0
CONTENT_00000010,3,2,470,Street gas answer.,2022-07-05,180,0
CONTENT_00000011,4,1,74,Late early support.,2024-11-20,180,0
CONTENT_00000012,3,1,804,Fast notice authority item.,2023-05-07,180,0
CONTENT_00000013,4,5,222,Question same number.,2021-10-30,180,0
CONTENT_00000014,5,3,132,Include well operation.,2024-04-17,180,0
CONTENT_00000015,3,2,860,Manage positive free.,2023-06-20,180,0
CONTENT_00000016,5,5,309,Hard son cup public learn.,2015-07-28,180,0
CONTENT_00000017,1,4,908,Career say.,2024-07-13,180,0
CONTENT_00000018,3,1,728,State outside size.,2020-08-23,180,0
CONTENT_00000019,1,4,421,Moment sound weight.,2022-03-13,180,0
CONTENT_00000020,2,5,69,Few four standard.,2016-03-13,180,0
CONTENT_00000021,1,5,902,Now by song.,2018-07-14,180,0
CONTENT_00000022,5,3,547,Sound every week blue.,2021-10-18,180,0
CONTENT_00000023,4,2,362,Simply approach.,2022-01-18,180,0
CONTENT_00000024,5,5,45,Might wrong give wall mention.,2022-04-14,180,0
CONTENT_00000025,2,5,778,Parent nice shake experience.,2019-09-05,180,0
CONTENT_00000026,5,2,221,Market thank only on.,2024-10-12,180,0
CONTENT_00000027,1,5,744,Lead move opportunity maybe.,2020-03-29,180,0
CONTENT_00000028,2,3,930,Force bad quite.,2023-06-20,180,0
CONTENT_00000029,1,2,193,Score adult.,2020-05-03,180,0
CONTENT_00000030,4,4,406,Likely forget available.,2021-03-20,180,0
CONTENT_00000031,5,5,364,Loss admit relationship.,2021-05-08,180,0
CONTENT_00000032,4,3,910,Near cut cold.,2015-09-02,180,0
CONTENT_00000033,4,4,390,Piece little.,2017-11-19,180,0
CONTENT_00000034,3,2,427,Tax cause create.,2022-04-18,180,0
CONTENT_00000035,4,5,862,Worker foot task door international.,2018-03-02,180,0
CONTENT_00000036,5,2,184,Occur sing which visit.,2022-04-25,180,0
CONTENT_00000037,5,4,981,Than whose whatever sort.,2016-06-25,180,0
CONTENT_00000038,2,2,643,Now many foreign too.,2017-02-02,180,0
CONTENT_00000039,1,4,472,Base partner side skill.,2023-04-02,180,0
CONTENT_00000040,1,5,134,Decision likely us somebody single.,2023-04-08,180,0
CONTENT_00000041,5,5,793,Imagine never I involve environment.,2015-12-19,180,0
CONTENT_00000042,1,2,49,Somebody prevent describe suddenly.,2018-04-05,180,0
CONTENT_00000043,5,3,555,That economic address strong.,2022-07-14,180,0
CONTENT_00000044,2,3,476,Them ten just.,2016-05-10,180,0
CONTENT_00000045,1,2,281,Decade change speak.,2024-04-04,180,0
CONTENT_00000046,4,4,161,Page treat.,2018-08-23,180,0
CONTENT_00000047,5,1,632,Practice work situation.,2017-01-16,180,0
CONTENT_00000048,1,2,471,Both trade talk policy.,2017-09-16,180,0
CONTENT_00000049,2,2,361,Agent cut hope all traditional.,2018-12-14,180,0
CONTENT_00000050,2,1,167,Will rock interview former challenge.,2021-07-26,180,0
CONTENT_00000051,4,2,221,Table society especially citizen.,2017-05-26,180,0
CONTENT_00000052,3,2,881,Board political.,2016-12-28,180,0
CONTENT_00000053,2,5,621,Six much east.,2023-05-10,180,0
CONTENT_00000054,4,1,162,Word trial.,2016-03-16,180,0
CONTENT_00000055,1,4,427,Later husband class take.,2020-10-22,180,0
CONTENT_00000056,1,3,582,Expert now baby.,2023-03-28,180,0
CONTENT_00000057,2,1,60,Door control on measure.,2023-09-25,180,0
CONTENT_00000058,3,1,560,Value campaign across.,2020-02-22,180,0
CONTENT_00000059,3,5,899,Theory teacher much.,2018-04-03,180,0
CONTENT_00000060,1,2,789,Usually reveal term about.,2023-05-15,180,0
CONTENT_00000061,5,3,841,Produce address.,2017-04-07,180,0
CONTENT_00000062,5,5,610,Us meet choice late.,2016-10-13,180,0
CONTENT_00000063,4,5,947,Others improve majority.,2020-09-22,180,0
CONTENT_00000064,1,4,260,Forget support age financial.,2018-11-20,180,0
CONTENT_00000065,2,3,133,Environmental owner you once.,2017-11-24,180,0
CONTENT_00000066,1,4,550,Wide owner professional letter.,2022-05-01,180,0
CONTENT_00000067,3,1,367,Development push peace.,2020-09-18,180,0
CONTENT_00000068,2,4,469,Hit enjoy early cut color.,2015-09-18,180,0
CONTENT_00000069,1,2,610,Model voice we simple.,2016-03-21,180,0
CONTENT_00000070,2,4,257,Example maintain.,2016-07-23,180,0
CONTENT_00000071,2,1,358,Medical against stop star tax.,2023-05-04,180,0
CONTENT_00000072,5,2,493,Authority today sound since.,2020-02-13,180,0
CONTENT_00000073,5,1,170,Father during rise into campaign.,2017-04-12,180,0
CONTENT_00000074,1,5,820,While radio.,2019-07-29,180,0
CONTENT_00000075,5,4,773,Radio why assume about hotel.,2019-03-17,180,0
CONTENT_00000076,5,5,72,Example way us bed result.,2017-04-08,180,0
CONTENT_00000077,3,1,900,Knowledge reach.,2017-11-26,180,0
CONTENT_00000078,3,2,577,Above color agency.,2019-10-02,180,0
CONTENT_00000079,5,5,489,Our seem high listen specific.,2020-02-02,180,0
CONTENT_00000080,5,5,161,Financial practice attention.,2017-08-19,180,0
CONTENT_00000081,1,3,182,Box role may miss.,2016-03-16,180,0
CONTENT_00000082,4,5,566,Subject realize memory carry.,2018-04-27,180,0
CONTENT_00000083,5,4,570,North check.,2020-07-20,180,0
CONTENT_00000084,2,5,330,Rule run morning.,2017-09-27,180,0
CONTENT_00000085,3,2,340,Near finish religious table.,2023-08-06,180,0
CONTENT_00000086,5,2,404,Wife especially structure guy.,2024-09-04,180,0
CONTENT_00000087,4,4,718,Office white alone.,2019-09-12,180,0
CONTENT_00000088,3,2,136,Society glass science mission institution.,2020-08-26,180,0
CONTENT_00000089,3,5,588,Knowledge actually major seat.,2023-11-18,180,0
CONTENT_00000090,3,1,790,Community trial remember.,2018-02-09,180,0
CONTENT_00000091,1,5,613,Safe high together bad.,2023-04-02,180,0
CONTENT_00000092,4,3,282,Glass pressure leave per.,2018-05-21,180,0
CONTENT_00000093,3,5,63,Quality second ask.,2016-12-07,180,0
CONTENT_00000094,3,4,908,Choose analysis top affect person.,2020-10-27,180,0
CONTENT_00000095,1,1,513,Why far friend last.,2017-06-06,180,0
CONTENT_00000096,5,2,893,Nearly spring allow several.,2016-05-28,180,0
CONTENT_00000097,1,4,126,Family open family message.,2015-11-02,180,0
CONTENT_00000098,5,4,784,Front authority knowledge site skin.,2017-07-16,180,0
CONTENT_00000099,1,5,926,Southern itself almost billion.,2016-02-16,180,0
CONTENT_00000100,5,4,547,Score then office season there.,2022-01-19,180,0
CONTENT_00000101,4,4,776,Business serve significant.,2022-05-19,180,0
CONTENT_00000102,3,1,794,Foreign attack opportunity.,2017-12-13,180,0
CONTENT_00000103,5,1,72,Reduce nation once economic maintain.,2021-10-28,180,0
CONTENT_00000104,5,1,997,Father entire officer.,2018-03-10,180,0
CONTENT_00000105,5,1,566,Like outside color future.,2020-05-18,180,0
CONTENT_00000106,3,2,685,Report yet quality toward.,2023-03-17,180,0
CONTENT_00000107,1,5,91,Argue price none move.,2017-02-01,180,0
CONTENT_00000108,2,4,834,Guy order political effect.,2015-10-17,180,0
CONTENT_00000109,3,5,679,Second never long line.,2022-05-05,180,0
CONTENT_00000110,2,2,821,Enough language citizen money.,2016-01-16,180,0
CONTENT_00000111,3,5,464,Ability soon.,2023-11-17,180,0
CONTENT_00000112,1,3,498,That so.,2021-02-27,180,0
CONTENT_00000113,3,1,852,Yes cell.,2020-03-09,180,0
CONTENT_00000114,1,5,523,Network development three.,2019-02-17,180,0
CONTENT_00000115,1,1,451,Five rock improve service.,2025-05-09,180,0
CONTENT_00000116,4,4,693,From admit account serve interesting.,2019-06-26,180,0
CONTENT_00000117,3,1,255,Senior friend type.,2017-07-27,180,0
CONTENT_00000118,2,3,353,Including book simply value.,2024-07-26,180,0
CONTENT_00000119,3,4,467,Radio always art nothing.,2016-06-11,180,0
CONTENT_00000120,2,4,819,Guess line yard executive.,2020-06-24,180,0
CONTENT_00000121,2,1,939,White protect real bed.,2015-07-30,180,0
CONTENT_00000122,5,1,660,Keep research enter.,2015-09-10,180,0
CONTENT_00000123,1,1,629,Rich toward.,2018-12-07,180,0
CONTENT_00000124,3,2,43,Central can final.,2016-10-03,180,0
CONTENT_00000125,4,2,169,Force factor value color.,2016-06-13,180,0
CONTENT_00000126,2,5,553,Describe leg soldier foot rule.,2018-01-10,180,0
CONTENT_00000127,3,2,720,Scientist particularly opportunity.,2024-12-26,180,0
CONTENT_00000128,5,1,699,Mean stock position.,2024-04-10,180,0
CONTENT_00000129,3,4,839,Eight themselves push.,2022-07-19,180,0
CONTENT_00000130,4,3,517,Mention land machine.,2021-06-29,180,0
CONTENT_00000131,4,4,261,Personal fact single measure east.,2022-07-07,180,0
CONTENT_00000132,5,5,164,Marriage less day size.,2017-08-12,180,0
CONTENT_00000133,2,2,409,Particular stop analysis.,2019-05-12,180,0
CONTENT_00000134,1,1,460,Position throw view.,2018-01-16,180,0
CONTENT_00000135,2,1,639,Performance research design.,2018-05-16,180,0
CONTENT_00000136,2,5,290,Similar music create tend consider.,2018-02-07,180,0
CONTENT_00000137,4,3,910,Vote close ability.,2016-04-04,180,0
CONTENT_00000138,5,5,562,House life.,2025-02-22,180,0
CONTENT_00000139,4,1,118,Eat like.,2020-11-19,180,0
CONTENT_00000140,5,2,204,Site create through arm should.,2022-02-12,180,0
CONTENT_00000141,2,3,714,Responsibility case buy three.,2020-01-05,180,0
CONTENT_00000142,1,5,397,Talk too civil.,2023-12-06,180,0
CONTENT_00000143,2,5,925,Focus current goal mother maintain.,2017-01-12,180,0
CONTENT_00000144,3,3,636,Carry car.,2015-12-31,180,0
CONTENT_00000145,2,4,937,Force this manager.,2021-05-31,180,0
CONTENT_00000146,1,4,867,Fall bill identify big.,2022-05-24,180,0
CONTENT_00000147,2,3,973,Wonder by though.,2023-09-30,180,0
CONTENT_00000148,1,1,547,Interview like onto method.,2016-04-25,180,0
CONTENT_00000149,4,1,577,Care week discover.,2019-02-25,180,0
CONTENT_00000150,4,3,150,If leave wife teach.,2020-06-23,180,0
CONTENT_00000151,4,5,693,Test four.,2023-05-19,180,0
CONTENT_00000152,3,1,798,Cut issue.,2024-08-02,180,0
CONTENT_00000153,3,2,642,Series kitchen billion suffer while.,2016-06-02,180,0
CONTENT_00000154,5,1,424,Make research letter series.,2022-05-13,180,0
CONTENT_00000155,5,3,1000,Beat father.,2022-11-28,180,0
CONTENT_00000156,3,5,86,Teacher say water.,2017-11-10,180,0
CONTENT_00000157,4,5,382,Important be condition reduce skin.,2018-01-19,180,0
CONTENT_00000158,5,1,929,Item spend road whom.,2021-12-22,180,0
CONTENT_00000159,2,4,196,Strong center.,2022-02-01,180,0
CONTENT_00000160,3,4,361,Party seat young.,2025-02-10,180,0
CONTENT_00000161,4,1,446,Including bit avoid ever.,2015-12-24,180,0
CONTENT_00000162,4,3,407,Must face certain heavy then.,2022-04-15,180,0
CONTENT_00000163,2,5,33,Herself west soldier.,2018-04-14,180,0
CONTENT_00000164,3,5,380,Level more Mr.,2015-12-15,180,0
CONTENT_00000165,5,5,771,Better national lawyer.,2024-06-13,180,0
CONTENT_00000166,3,4,302,Eat main without seven.,2024-12-21,180,0
CONTENT_00000167,4,4,570,Protect show hit.,2017-12-19,180,0
CONTENT_00000168,3,5,221,Speech soon song.,2020-05-10,180,0
CONTENT_00000169,4,4,789,Health yourself light.,2017-11-28,180,0
CONTENT_00000170,3,4,858,Magazine individual finally put.,2021-03-19,180,0
CONTENT_00000171,2,3,106,Protect run play natural color.,2016-04-08,180,0
CONTENT_00000172,4,4,357,Inside daughter explain resource.,2015-12-15,180,0
CONTENT_00000173,4,1,993,Land article development computer.,2025-04-20,180,0
CONTENT_00000174,4,1,89,Amount heavy Mr health.,2018-11-17,180,0
CONTENT_00000175,1,5,864,Foot firm lose medical imagine.,2023-07-30,180,0
CONTENT_00000176,3,4,202,Space coach fear perhaps big.,2016-08-30,180,0
CONTENT_00000177,1,5,539,Risk appear.,2024-02-08,180,0
CONTENT_00000178,4,1,553,Huge bit like beat fine.,2016-10-15,180,0
CONTENT_00000179,1,4,596,Charge final glass across.,2021-02-13,180,0
CONTENT_00000180,3,5,412,Life remember worker.,2021-05-18,180,0
CONTENT_00000181,1,5,261,Rate near class such.,2023-02-21,180,0
CONTENT_00000182,2,2,458,Fear without team information technology.,2023-03-17,180,0
CONTENT_00000183,4,3,297,But major seat.,2023-11-22,180,0
CONTENT_00000184,5,2,476,Game everyone model.,2019-11-19,180,0
CONTENT_00000185,1,2,869,Ability head.,2017-11-08,180,0
CONTENT_00000186,2,2,964,Maybe rich machine.,2018-02-09,180,0
CONTENT_00000187,2,3,653,Over move.,2021-07-06,180,0
CONTENT_00000188,4,1,526,Three space authority nature.,2018-01-16,180,0
CONTENT_00000189,5,2,104,Mean since.,2016-03-24,180,0
CONTENT_00000190,3,2,304,Baby let already red defense.,2019-11-07,180,0
CONTENT_00000191,1,2,992,Nearly stand.,2022-05-30,180,0
CONTENT_00000192,3,1,323,Able hard.,2022-12-14,180,0
CONTENT_00000193,4,2,234,How measure local give dog.,2020-05-12,180,0
CONTENT_00000194,1,3,472,Important here.,2020-08-31,180,0
CONTENT_00000195,2,3,229,Admit on box.,2017-06-28,180,0
CONTENT_00000196,2,2,8,Shoulder national sport.,2025-03-25,180,0
CONTENT_00000197,3,3,988,Trade although method blue often.,2020-02-29,180,0
CONTENT_00000198,4,2,966,Thousand white inside employee show.,2018-05-08,180,0
CONTENT_00000199,1,1,606,Take down crime amount.,2024-03-07,180,0
CONTENT_00000200,5,1,441,Third agency behavior contain because.,2025-05-26,180,0
CONTENT_00000201,4,4,123,Social hotel heavy war.,2020-04-02,180,0
CONTENT_00000202,5,1,939,Travel concern since line fly.,2024-10-27,180,0
CONTENT_00000203,3,3,534,As everyone face send.,2019-11-08,180,0
CONTENT_00000204,1,5,297,Walk for sport off meet.,2019-02-07,180,0
CONTENT_00000205,2,5,294,Middle trouble majority art.,2020-05-13,180,0
CONTENT_00000206,1,5,985,Approach away season cost.,2019-12-12,180,0
CONTENT_00000207,4,1,952,Whom scientist.,2022-06-23,180,0
CONTENT_00000208,5,1,37,Former cause middle yard.,2020-07-30,180,0
CONTENT_00000209,3,4,475,Mean management pretty continue successful.,2019-10-13,180,0
CONTENT_00000210,1,4,1000,Very without music check thing.,2017-04-25,180,0
CONTENT_00000211,2,1,816,Able PM pay.,2015-06-11,180,0
CONTENT_00000212,3,2,419,Sign seat ask call.,2022-05-12,180,0
CONTENT_00000213,3,1,117,Message outside bit.,2018-02-18,180,0
CONTENT_00000214,5,4,903,Check professional.,2019-07-07,180,0
CONTENT_00000215,4,3,70,Cold less clear.,2022-10-27,180,0
CONTENT_00000216,2,5,783,Real international.,2020-11-06,180,0
CONTENT_00000217,4,4,848,West least either.,2015-10-14,180,0
CONTENT_00000218,4,1,412,Wide front field trial wrong.,2017-08-21,180,0
CONTENT_00000219,1,3,516,Nothing summer western.,2024-12-27,180,0
CONTENT_00000220,5,1,67,Decide campaign up.,2023-04-05,180,0
CONTENT_00000221,2,3,354,Respond opportunity particular.,2023-11-17,180,0
CONTENT_00000222,4,2,955,Occur power source action.,2016-11-25,180,0
CONTENT_00000223,5,5,54,He employee heart.,2023-12-20,180,0
CONTENT_00000224,5,1,116,Treatment art ok boy.,2025-01-04,180,0
CONTENT_00000225,3,3,849,Next hour physical lay majority.,2023-02-19,180,0
CONTENT_00000226,4,5,171,Move cultural.,2016-02-24,180,0
CONTENT_00000227,1,3,750,Miss policy structure.,2025-02-19,180,0
CONTENT_00000228,2,3,628,Player develop world.,2020-05-12,180,0
CONTENT_00000229,3,5,354,Baby plan hand fast.,2022-09-24,180,0
CONTENT_00000230,5,4,962,List form modern lead room.,2024-08-28,180,0
CONTENT_00000231,1,2,797,Couple your enter tough pretty.,2021-10-26,180,0
CONTENT_00000232,5,1,863,Specific according quickly all.,2018-11-26,180,0
CONTENT_00000233,3,2,302,Drug people administration central into.,2023-02-02,180,0
CONTENT_00000234,3,2,686,Each lot.,2023-11-24,180,0
CONTENT_00000235,4,5,873,Close realize beat try similar.,2023-03-05,180,0
CONTENT_00000236,1,4,394,Change arm value.,2017-06-22,180,0
CONTENT_00000237,4,5,30,Information general memory so risk.,2015-07-23,180,0
CONTENT_00000238,2,5,797,Notice agent.,2015-09-13,180,0
CONTENT_00000239,1,1,335,Cultural special yet.,2025-05-04,180,0
CONTENT_00000240,5,1,155,Blood win raise entire.,2018-03-16,180,0
CONTENT_00000241,3,4,390,Perhaps purpose.,2025-05-16,180,0
CONTENT_00000242,1,5,874,Wind step where Congress.,2025-02-04,180,0
CONTENT_00000243,2,4,341,Discussion word business hospital.,2018-07-05,180,0
CONTENT_00000244,2,4,484,Behavior manager PM participant.,2022-03-06,180,0
CONTENT_00000245,1,1,828,Turn condition up president.,2017-10-26,180,0
CONTENT_00000246,2,4,374,Opportunity store story more.,2024-11-08,180,0
CONTENT_00000247,1,4,467,Ground thank seek.,2018-04-02,180,0
CONTENT_00000248,3,5,674,Even on order.,2016-09-26,180,0
CONTENT_00000249,3,1,965,Tonight mind threat under.,2024-08-04,180,0
CONTENT_00000250,1,3,125,Describe especially national present.,2021-08-09,180,0
CONTENT_00000251,2,1,973,Less line kid yet.,2016-01-02,180,0
CONTENT_00000252,2,5,496,Lose mission ok.,2019-01-17,180,0
CONTENT_00000253,5,2,45,Quality middle reality.,2016-12-27,180,0
CONTENT_00000254,2,4,540,Wear poor its.,2021-03-15,180,0
CONTENT_00000255,1,5,360,Heart true either product return.,2021-03-05,180,0
CONTENT_00000256,1,4,826,Give something enough kid.,2015-07-27,180,0
CONTENT_00000257,3,2,507,Skin any eight how catch.,2017-11-26,180,0
CONTENT_00000258,3,2,725,Knowledge least only buy produce.,2021-06-22,180,0
CONTENT_00000259,5,1,667,Particularly tree spend husband receive.,2019-12-09,180,0
CONTENT_00000260,5,5,387,Base free agreement house.,2021-06-11,180,0
CONTENT_00000261,4,5,162,Professional practice require our.,2024-09-22,180,0
CONTENT_00000262,1,1,712,Industry according.,2017-09-02,180,0
CONTENT_00000263,5,3,519,Home method anything.,2024-04-24,180,0
CONTENT_00000264,5,3,268,Beautiful pass long.,2015-08-05,180,0
CONTENT_00000265,2,2,263,Sea anything career.,2024-07-23,180,0
CONTENT_00000266,1,5,457,Image so enough house husband.,2024-12-08,180,0
CONTENT_00000267,5,2,979,Message choice north.,2015-08-09,180,0
CONTENT_00000268,1,2,119,Old bed.,2020-09-29,180,0
CONTENT_00000269,3,3,741,Raise particularly single create return.,2016-12-04,180,0
CONTENT_00000270,2,3,275,Late Mr fast movie.,2018-08-02,180,0
CONTENT_00000271,3,1,693,Address computer.,2016-10-26,180,0
CONTENT_00000272,1,4,153,Nice wide general word.,2016-03-31,180,0
CONTENT_00000273,2,5,326,Age whether.,2017-01-22,180,0
CONTENT_00000274,5,3,293,Music ahead too performance five.,2018-06-07,180,0
CONTENT_00000275,5,3,965,Give after.,2022-09-22,180,0
CONTENT_00000276,4,4,768,Member popular thing accept science.,2017-04-05,180,0
CONTENT_00000277,2,4,106,Really next rise various.,2021-05-20,180,0
CONTENT_00000278,2,3,764,Stand rather good dark than.,2025-03-02,180,0
CONTENT_00000279,2,1,907,Ahead sound sign expert.,2016-01-26,180,0
CONTENT_00000280,2,2,23,Language require design.,2016-01-23,180,0
CONTENT_00000281,2,2,535,Throughout walk bank kitchen.,2019-05-02,180,0
CONTENT_00000282,4,3,635,Capital especially draw least.,2015-07-14,180,0
CONTENT_00000283,4,1,430,Seat region street.,2018-03-08,180,0
CONTENT_00000284,2,1,51,Market scene action with.,2024-06-28,180,0
CONTENT_00000285,2,1,322,Listen indeed understand yeah against.,2020-05-28,180,0
CONTENT_00000286,3,3,627,Factor soldier candidate.,2019-04-14,180,0
CONTENT_00000287,4,3,349,Impact read notice most threat.,2021-08-25,180,0
CONTENT_00000288,3,1,682,Director field behind cup.,2024-02-29,180,0
CONTENT_00000289,1,4,405,Commercial issue.,2017-03-02,180,0
CONTENT_00000290,5,5,152,Bit manager person professor.,2018-05-15,180,0
CONTENT_00000291,1,5,978,Employee those.,2020-06-15,180,0
CONTENT_00000292,1,5,891,Order building sure natural.,2015-06-24,180,0
CONTENT_00000293,1,1,506,Everyone short school.,2019-01-08,180,0
CONTENT_00000294,2,3,131,Million significant.,2019-02-12,180,0
CONTENT_00000295,5,1,564,Care figure material.,2016-08-12,180,0
CONTENT_00000296,5,3,278,Range teach collection number positive.,2024-09-20,180,0
CONTENT_00000297,1,4,217,Four executive benefit summer.,2019-02-21,180,0
CONTENT_00000298,3,5,526,Fight commercial financial live.,2024-06-08,180,0
CONTENT_00000299,4,4,554,People develop necessary they.,2018-06-25,180,0
CONTENT_00000300,4,2,711,May reach show help.,2015-06-16,180,0
CONTENT_00000301,2,3,592,Window election defense not.,2021-04-23,180,0
CONTENT_00000302,4,1,431,Audience coach accept.,2018-04-01,180,0
CONTENT_00000303,2,2,858,Parent dinner big word across.,2017-10-09,180,0
CONTENT_00000304,4,5,49,Front visit recognize.,2016-11-13,180,0
CONTENT_00000305,5,5,456,Laugh goal put team baby.,2020-11-19,180,0
CONTENT_00000306,5,4,676,Other prove have two catch.,2017-02-15,180,0
CONTENT_00000307,2,5,414,Long main process pay culture.,2020-09-19,180,0
CONTENT_00000308,4,4,80,Your daughter law summer.,2020-07-25,180,0
CONTENT_00000309,4,1,221,Evidence activity trip father leg.,2020-08-15,180,0
CONTENT_00000310,3,3,646,Attention break meeting perform only.,2019-04-30,180,0
CONTENT_00000311,2,2,999,Break place building something necessary.,2019-08-08,180,0
CONTENT_00000312,1,3,652,Range unit expert capital.,2025-03-17,180,0
CONTENT_00000313,3,1,766,Degree identify.,2018-01-26,180,0
CONTENT_00000314,1,2,588,Per reach.,2017-12-11,180,0
CONTENT_00000315,5,3,3,Step agreement place page.,2018-01-08,180,0
CONTENT_00000316,5,4,681,Help whom common.,2022-04-27,180,0
CONTENT_00000317,1,5,659,Suffer reason old floor future.,2025-01-19,180,0
CONTENT_00000318,3,1,738,Rock move doctor.,2020-09-19,180,0
CONTENT_00000319,4,5,898,Factor someone project us.,2016-08-22,180,0
CONTENT_00000320,1,5,306,Off specific event.,2019-03-06,180,0
CONTENT_00000321,5,4,640,Nearly new take.,2022-08-20,180,0
CONTENT_00000322,2,5,488,Ten arrive price compare.,2020-05-29,180,0
CONTENT_00000323,4,2,486,Public serve well single.,2021-07-26,180,0
CONTENT_00000324,1,1,99,Almost or certainly.,2022-06-18,180,0
CONTENT_00000325,5,5,450,Help generation us.,2023-04-23,180,0
CONTENT_00000326,5,3,837,Born series detail majority.,2018-01-10,180,0
CONTENT_00000327,5,2,580,Point water notice over.,2022-07-18,180,0
CONTENT_00000328,1,3,613,Account early finally.,2025-02-03,180,0
CONTENT_00000329,4,2,507,Its action reflect.,2017-11-18,180,0
CONTENT_00000330,1,4,175,Leader people.,2025-02-26,180,0
CONTENT_00000331,2,2,994,Nearly impact instead maintain.,2017-03-05,180,0
CONTENT_00000332,4,2,713,Reach black position successful party.,2016-12-29,180,0
CONTENT_00000333,5,5,440,Cultural chair movie.,2017-11-27,180,0
CONTENT_00000334,5,3,393,Goal food blood number until.,2025-02-02,180,0
CONTENT_00000335,1,3,639,Cause night.,2021-04-26,180,0
CONTENT_00000336,1,1,670,Help dog.,2022-10-28,180,0
CONTENT_00000337,4,3,900,Knowledge way real organization.,2016-09-30,180,0
CONTENT_00000338,2,5,194,Right wide national.,2016-09-04,180,0
CONTENT_00000339,2,2,816,Again prevent who wife something.,2021-11-27,180,0
CONTENT_00000340,4,4,977,Data campaign him dream there.,2019-08-17,180,0
CONTENT_00000341,4,3,387,Believe most also dinner news.,2017-02-27,180,0
CONTENT_00000342,3,1,766,Technology oil air pressure born.,2016-10-21,180,0
CONTENT_00000343,1,3,464,Student those large.,2019-10-28,180,0
CONTENT_00000344,5,3,28,Fine edge rich.,2020-07-16,180,0
CONTENT_00000345,1,5,94,So leave.,2017-11-15,180,0
CONTENT_00000346,4,5,894,Finish although capital interesting.,2021-04-03,180,0
CONTENT_00000347,5,3,855,And whose laugh upon.,2018-07-20,180,0
CONTENT_00000348,2,1,745,Writer raise about expert.,2018-02-04,180,0
CONTENT_00000349,4,4,82,Represent entire Republican wait need.,2020-07-25,180,0
CONTENT_00000350,5,2,368,During debate miss personal floor.,2022-08-29,180,0
CONTENT_00000351,4,5,978,Ok article.,2020-12-27,180,0
CONTENT_00000352,4,5,484,Think half recognize people.,2025-05-10,180,0
CONTENT_00000353,5,1,340,Discussion evidence evidence.,2017-09-06,180,0
CONTENT_00000354,2,1,981,Option might significant cultural war.,2024-05-30,180,0
CONTENT_00000355,5,2,448,Listen first threat chair hear.,2017-07-07,180,0
CONTENT_00000356,5,2,860,Never win others in.,2023-09-26,180,0
CONTENT_00000357,4,4,354,Allow lead clear mission leader.,2020-05-18,180,0
CONTENT_00000358,5,5,860,Understand meet from approach.,2025-03-01,180,0
CONTENT_00000359,2,5,779,Bring not.,2018-02-02,180,0
CONTENT_00000360,3,5,39,Charge official check cost work.,2019-09-25,180,0
CONTENT_00000361,3,4,757,Series look trade know.,2023-08-14,180,0
CONTENT_00000362,2,5,637,Door newspaper share painting activity.,2024-04-10,180,0
CONTENT_00000363,5,2,63,Begin look wrong.,2019-08-07,180,0
CONTENT_00000364,4,3,744,Cause hair imagine.,2018-05-13,180,0
CONTENT_00000365,4,1,808,Expect message skin grow.,2023-09-11,180,0
CONTENT_00000366,1,3,39,Show begin itself well.,2023-04-05,180,0
CONTENT_00000367,4,3,826,Key two so southern provide.,2018-05-02,180,0
CONTENT_00000368,5,1,819,Put foreign accept.,2018-07-26,180,0
CONTENT_00000369,1,2,50,Firm key begin threat.,2018-07-24,180,0
CONTENT_00000370,1,3,690,Partner certainly value feel hit.,2020-12-14,180,0
CONTENT_00000371,1,4,783,Audience final court.,2022-04-24,180,0
CONTENT_00000372,1,1,740,Positive billion claim.,2016-02-08,180,0
CONTENT_00000373,5,1,850,Region model feeling.,2017-09-27,180,0
CONTENT_00000374,4,4,239,Care look.,2023-02-08,180,0
CONTENT_00000375,3,4,936,Quickly point.,2020-05-05,180,0
CONTENT_00000376,2,1,626,Source away seek foreign.,2017-11-07,180,0
CONTENT_00000377,5,5,332,Garden establish investment which.,2018-04-04,180,0
CONTENT_00000378,3,3,635,Organization high hair together.,2017-08-06,180,0
CONTENT_00000379,3,4,33,Water ago.,2018-06-13,180,0
CONTENT_00000380,3,3,476,Place mind reason science.,2020-12-15,180,0
CONTENT_00000381,1,4,144,Young number training.,2020-07-24,180,0
CONTENT_00000382,3,4,755,Me such leave.,2021-03-11,180,0
CONTENT_00000383,3,5,207,Machine Congress.,2021-04-17,180,0
CONTENT_00000384,3,4,257,Institution another indeed.,2024-12-04,180,0
CONTENT_00000385,4,1,724,Simple more cultural partner.,2019-06-17,180,0
CONTENT_00000386,3,2,815,Air hard.,2022-05-22,180,0
CONTENT_00000387,4,3,680,Special set section.,2019-06-09,180,0
CONTENT_00000388,4,5,762,Growth dinner manage region.,2017-12-29,180,0
CONTENT_00000389,2,2,268,Should service author occur.,2019-08-16,180,0
CONTENT_00000390,4,5,433,Major unit.,2022-08-10,180,0
CONTENT_00000391,4,2,321,Room government.,2020-03-01,180,0
CONTENT_00000392,1,3,243,Create work effort how.,2017-08-17,180,0
CONTENT_00000393,5,5,688,Draw performance.,2023-10-17,180,0
CONTENT_00000394,5,5,222,Three dream fear politics.,2018-03-13,180,0
CONTENT_00000395,3,5,877,Role attention when.,2024-11-23,180,0
CONTENT_00000396,2,3,447,Resource act method good.,2016-06-10,180,0
CONTENT_00000397,2,4,921,Follow also point pass religious.,2021-06-06,180,0
CONTENT_00000398,1,5,224,Nice ok.,2018-08-28,180,0
CONTENT_00000399,4,5,944,Attorney point remain home.,2019-01-26,180,0
CONTENT_00000400,3,3,728,Certainly girl television much world.,2016-09-11,180,0
CONTENT_00000401,1,3,36,Room sound mission surface.,2020-01-19,180,0
CONTENT_00000402,2,3,616,When low option response.,2017-07-12,180,0
CONTENT_00000403,4,3,678,Among member.,2017-05-18,180,0
CONTENT_00000404,1,5,705,Couple claim beat save.,2020-03-07,180,0
CONTENT_00000405,4,4,684,Determine street unit agent.,2022-08-24,180,0
CONTENT_00000406,4,2,860,Wait often.,2023-02-14,180,0
CONTENT_00000407,2,3,398,President have respond wall produce.,2019-08-13,180,0
CONTENT_00000408,1,4,550,Chair building worry me.,2025-02-07,180,0
CONTENT_00000409,4,2,762,Mother exist each oil office.,2020-04-17,180,0
CONTENT_00000410,4,5,904,Follow usually control official community.,2022-05-14,180,0
CONTENT_00000411,5,4,996,College way note budget group.,2017-05-11,180,0
CONTENT_00000412,2,5,446,Suffer unit color artist production.,2016-07-12,180,0
CONTENT_00000413,1,5,965,Take this everything sport.,2018-04-20,180,0
CONTENT_00000414,4,5,518,Wear security two.,2024-10-28,180,0
CONTENT_00000415,5,4,164,Technology general up.,2024-02-26,180,0
CONTENT_00000416,5,1,601,Rock poor thing large.,2017-07-29,180,0
CONTENT_00000417,2,4,89,Common attack I mother.,2023-01-23,180,0
CONTENT_00000418,1,1,23,Sing wish stand.,2019-08-17,180,0
CONTENT_00000419,2,5,452,Section official community national drug.,2017-06-30,180,0
CONTENT_00000420,4,1,485,Story marriage collection society case.,2023-11-10,180,0
CONTENT_00000421,3,5,841,Attention people west wait.,2024-02-25,180,0
CONTENT_00000422,1,5,930,Seven education focus.,2015-10-07,180,0
CONTENT_00000423,3,3,514,Identify structure soon soldier today.,2025-03-28,180,0
CONTENT_00000424,4,1,502,This door.,2015-11-26,180,0
CONTENT_00000425,2,4,901,Thus policy garden nor.,2019-05-01,180,0
CONTENT_00000426,1,5,978,Specific either piece board man.,2018-12-06,180,0
CONTENT_00000427,4,4,972,View move feeling.,2023-05-12,180,0
CONTENT_00000428,2,3,173,Rise claim.,2019-10-13,180,0
CONTENT_00000429,4,1,970,City sell human.,2022-03-31,180,0
CONTENT_00000430,1,2,310,Five animal fear woman.,2023-10-07,180,0
CONTENT_00000431,3,3,948,Member a book sort.,2023-03-17,180,0
CONTENT_00000432,5,2,99,Away technology long.,2023-04-27,180,0
CONTENT_00000433,3,1,598,Home simply phone step.,2024-01-29,180,0
CONTENT_00000434,3,5,211,Significant score leader.,2020-05-20,180,0
CONTENT_00000435,4,1,233,Subject Congress.,2021-06-24,180,0
CONTENT_00000436,4,4,853,Involve decide performance bed.,2017-01-19,180,0
CONTENT_00000437,5,1,936,Offer return popular citizen.,2025-04-10,180,0
CONTENT_00000438,3,5,633,Often perform to street cut.,2025-04-30,180,0
CONTENT_00000439,1,5,167,Skill both my heavy.,2019-07-26,180,0
CONTENT_00000440,3,1,70,Think nearly.,2019-12-19,180,0
CONTENT_00000441,4,4,942,Three central should red.,2024-12-14,180,0
CONTENT_00000442,2,2,334,Manager treat idea.,2017-09-05,180,0
CONTENT_00000443,4,1,368,Election beyond leg play Republican.,2025-03-14,180,0
CONTENT_00000444,2,5,383,Story wonder.,2020-05-27,180,0
CONTENT_00000445,3,1,835,Section job response.,2017-10-15,180,0
CONTENT_00000446,2,2,347,Security spend compare government.,2022-05-19,180,0
CONTENT_00000447,3,1,764,Table security government audience fine.,2021-04-07,180,0
CONTENT_00000448,5,4,798,Test computer live.,2017-06-03,180,0
CONTENT_00000449,3,1,788,Research break.,2021-04-08,180,0
CONTENT_00000450,3,5,137,Adult hear player.,2016-05-09,180,0
CONTENT_00000451,2,2,678,Significant season note.,2019-03-02,180,0
CONTENT_00000452,4,3,98,Measure matter maybe eat open.,2020-03-15,180,0
CONTENT_00000453,1,1,583,Hit occur certainly.,2016-03-19,180,0
CONTENT_00000454,4,5,792,So cold smile.,2021-08-05,180,0
CONTENT_00000455,4,5,799,Off development old drive.,2020-04-18,180,0
CONTENT_00000456,4,1,422,Produce brother table.,2019-06-21,180,0
CONTENT_00000457,3,1,164,Whose health environmental must.,2021-09-16,180,0
CONTENT_00000458,3,3,853,Sing trip second reduce.,2019-06-18,180,0
CONTENT_00000459,4,3,907,Hot run money fund cut.,2022-07-05,180,0
CONTENT_00000460,5,3,415,Its which camera when.,2021-05-06,180,0
CONTENT_00000461,3,2,455,Specific have practice skin.,2022-03-07,180,0
CONTENT_00000462,1,2,470,Many sell per.,2018-01-25,180,0
CONTENT_00000463,1,4,922,Than deal.,2019-03-07,180,0
CONTENT_00000464,4,4,858,South student friend.,2018-04-20,180,0
CONTENT_00000465,2,5,970,There usually.,2021-11-01,180,0
CONTENT_00000466,3,2,898,Evidence member test every item.,2020-01-01,180,0
CONTENT_00000467,1,1,12,Late light movie throughout check.,2015-12-18,180,0
CONTENT_00000468,4,4,941,Seem forward teacher tree other.,2022-12-06,180,0
CONTENT_00000469,3,3,24,Letter thus sure where.,2025-02-06,180,0
CONTENT_00000470,2,4,244,Security no foreign all detail.,2017-11-14,180,0
CONTENT_00000471,2,5,904,Parent middle serve cut.,2020-10-03,180,0
CONTENT_00000472,3,2,251,Yes per final other.,2018-06-11,180,0
CONTENT_00000473,2,1,681,Second his environment.,2020-04-18,180,0
CONTENT_00000474,4,1,838,Page benefit some.,2024-08-30,180,0
CONTENT_00000475,3,3,629,Owner campaign leave theory into.,2016-01-21,180,0
CONTENT_00000476,5,2,513,Avoid office bank language center.,2016-08-01,180,0
CONTENT_00000477,3,4,99,Follow way team.,2018-08-05,180,0
CONTENT_00000478,5,4,684,Institution science figure.,2020-11-01,180,0
CONTENT_00000479,4,3,362,Authority teach about reflect eye.,2023-05-02,180,0
CONTENT_00000480,5,3,688,Strong career dark agency.,2019-11-21,180,0
CONTENT_00000481,1,5,463,In response center.,2016-08-10,180,0
CONTENT_00000482,2,1,690,Receive under left page.,2022-08-16,180,0
CONTENT_00000483,3,2,953,Wonder address whatever it sing.,2021-08-04,180,0
CONTENT_00000484,5,4,796,Word trial.,2025-01-10,180,0
CONTENT_00000485,4,4,501,Tend today piece.,2017-12-17,180,0
CONTENT_00000486,4,1,719,Sound every.,2022-11-12,180,0
CONTENT_00000487,1,3,719,Behavior item guy focus.,2015-06-30,180,0
CONTENT_00000488,5,4,886,That wind year them on.,2019-02-14,180,0
CONTENT_00000489,4,4,979,Fish everything such receive.,2022-10-01,180,0
CONTENT_00000490,3,3,20,Dark better court difference maybe.,2021-06-19,180,0
CONTENT_00000491,1,3,755,Choice lay budget per around.,2015-06-30,180,0
CONTENT_00000492,5,4,821,Anything risk wall.,2024-02-26,180,0
CONTENT_00000493,2,5,689,Including child.,2016-08-01,180,0
CONTENT_00000494,2,5,696,Prove grow center.,2017-08-03,180,0
CONTENT_00000495,2,4,983,Share recognize up soldier.,2022-12-06,180,0
CONTENT_00000496,5,3,890,Moment knowledge herself paper.,2015-07-13,180,0
CONTENT_00000497,1,4,799,President order culture.,2019-04-13,180,0
CONTENT_00000498,3,1,35,Local fight anything consider entire.,2024-05-29,180,0
CONTENT_00000499,3,4,725,Western raise here rise per.,2018-05-13,180,0
CONTENT_00000500,3,2,222,Whatever suggest office entire sure.,2017-01-05,180,0
CONTENT_00000501,3,2,348,Window fish.,2015-07-25,180,0
CONTENT_00000502,3,2,873,Woman own opportunity.,2022-12-18,180,0
CONTENT_00000503,5,5,542,Region at sister available.,2022-11-17,180,0
CONTENT_00000504,3,5,469,Someone say husband account peace.,2022-10-16,180,0
CONTENT_00000505,4,2,558,Marriage month key who.,2017-04-19,180,0
CONTENT_00000506,1,1,703,Fear executive get.,2016-07-23,180,0
CONTENT_00000507,5,2,193,Allow baby sure.,2016-07-11,180,0
CONTENT_00000508,3,5,279,Second their.,2024-12-09,180,0
CONTENT_00000509,4,3,347,Business day.,2015-12-25,180,0
CONTENT_00000510,1,2,136,Seat front early physical maybe.,2022-08-25,180,0
CONTENT_00000511,1,4,855,Special series.,2019-03-06,180,0
CONTENT_00000512,1,5,772,Fall doctor.,2018-11-08,180,0
CONTENT_00000513,4,2,867,Usually organization.,2021-12-24,180,0
CONTENT_00000514,4,1,148,May skill own.,2019-07-11,180,0
CONTENT_00000515,3,2,134,Mind people best rate those.,2021-07-06,180,0
CONTENT_00000516,5,5,874,Series allow expect war.,2021-04-19,180,0
CONTENT_00000517,5,2,162,Against make.,2017-10-11,180,0
CONTENT_00000518,2,2,242,Choose rise clear notice evening.,2024-11-18,180,0
CONTENT_00000519,3,3,468,Pressure likely customer some happy.,2024-07-29,180,0
CONTENT_00000520,5,3,935,Total purpose.,2024-12-18,180,0
CONTENT_00000521,3,5,459,Move character southern pull.,2015-12-14,180,0
CONTENT_00000522,5,4,308,Follow teach.,2017-10-24,180,0
CONTENT_00000523,1,2,770,His chance collection ground.,2024-10-23,180,0
CONTENT_00000524,5,2,191,Design reality.,2023-06-14,180,0
CONTENT_00000525,1,3,695,White condition model wife.,2022-02-19,180,0
CONTENT_00000526,2,4,231,Hit better certainly film.,2019-08-19,180,0
CONTENT_00000527,4,5,393,Friend forward in light.,2015-08-28,180,0
CONTENT_00000528,4,5,542,Project which among many.,2018-11-13,180,0
CONTENT_00000529,3,3,793,Turn line series.,2020-09-11,180,0
CONTENT_00000530,5,5,421,Morning people.,2020-01-24,180,0
CONTENT_00000531,2,1,10,Moment campaign close court structure.,2018-04-17,180,0
CONTENT_00000532,1,4,828,Four discover charge lawyer just.,2022-05-01,180,0
CONTENT_00000533,2,3,973,Education always.,2017-12-25,180,0
CONTENT_00000534,1,5,534,Hear others specific.,2023-05-31,180,0
CONTENT_00000535,2,1,385,Parent individual off that.,2024-03-07,180,0
CONTENT_00000536,1,5,109,Western guy draw end.,2021-06-28,180,0
CONTENT_00000537,4,3,479,Woman event tonight.,2017-04-08,180,0
CONTENT_00000538,5,5,342,Community strong.,2025-03-18,180,0
CONTENT_00000539,4,1,75,Recently place minute product.,2021-03-17,180,0
CONTENT_00000540,1,2,447,Tough wide voice line.,2019-04-14,180,0
CONTENT_00000541,3,5,785,Easy appear man.,2018-09-11,180,0
CONTENT_00000542,5,4,6,Image trade prove activity.,2016-05-05,180,0
CONTENT_00000543,2,4,232,Policy card increase.,2022-09-18,180,0
CONTENT_00000544,5,4,419,Choice level capital clearly generation.,2018-06-14,180,0
CONTENT_00000545,2,2,320,Mind have.,2015-07-01,180,0
CONTENT_00000546,2,5,347,Check pick become door.,2020-06-20,180,0
CONTENT_00000547,3,2,808,Face land.,2024-11-16,180,0
CONTENT_00000548,2,5,726,Rather federal admit together son.,2023-02-22,180,0
CONTENT_00000549,2,4,248,Perhaps security.,2018-04-01,180,0
CONTENT_00000550,3,2,248,System study remain.,2025-03-01,180,0
CONTENT_00000551,5,5,79,Bill case front.,2023-11-30,180,0
CONTENT_00000552,5,4,416,Yet fire factor now.,2024-05-15,180,0
CONTENT_00000553,3,4,925,Near others piece hand trade.,2023-02-16,180,0
CONTENT_00000554,1,1,943,Bar choose local.,2020-06-09,180,0
CONTENT_00000555,1,3,2,Near exist.,2022-02-27,180,0
CONTENT_00000556,5,3,237,Message sell.,2019-06-13,180,0
CONTENT_00000557,5,5,217,Shake subject party hotel.,2017-01-16,180,0
CONTENT_00000558,2,4,108,Religious mission.,2021-08-13,180,0
CONTENT_00000559,1,4,60,Put process condition.,2018-04-27,180,0
CONTENT_00000560,5,3,826,Out deal investment budget.,2023-12-14,180,0
CONTENT_00000561,4,2,633,Indicate measure down.,2023-02-10,180,0
CONTENT_00000562,5,4,801,Because recent.,2015-06-29,180,0
CONTENT_00000563,3,5,55,Remain forget.,2021-12-12,180,0
CONTENT_00000564,3,3,546,Something choice.,2023-06-30,180,0
CONTENT_00000565,5,2,772,Oil without.,2022-11-11,180,0
CONTENT_00000566,2,5,588,Early third bit represent.,2019-06-03,180,0
CONTENT_00000567,4,1,114,While pay in.,2015-09-01,180,0
CONTENT_00000568,2,5,291,Than church.,2022-06-29,180,0
CONTENT_00000569,2,4,704,Impact out.,2018-09-15,180,0
CONTENT_00000570,1,3,879,Heart hit senior green in.,2019-06-08,180,0
CONTENT_00000571,1,4,896,Enough brother receive.,2019-10-09,180,0
CONTENT_00000572,2,3,144,Deep design company.,2016-09-12,180,0
CONTENT_00000573,4,2,841,Remain get if less.,2018-01-10,180,0
CONTENT_00000574,2,4,234,Task look anything late.,2022-05-18,180,0
CONTENT_00000575,4,3,471,Thing in figure who phone.,2024-12-21,180,0
CONTENT_00000576,3,4,720,Office value.,2022-03-17,180,0
CONTENT_00000577,5,3,304,Mr field change.,2016-02-21,180,0
CONTENT_00000578,1,1,879,From training possible.,2021-12-25,180,0
CONTENT_00000579,1,4,204,Walk college.,2021-06-18,180,0
CONTENT_00000580,1,3,866,Drive her decision window area.,2021-03-14,180,0
CONTENT_00000581,3,3,887,Who fall hard result civil.,2023-12-16,180,0
CONTENT_00000582,5,4,371,Next artist fear sign scientist.,2024-06-04,180,0
CONTENT_00000583,1,2,655,Child low kitchen.,2024-02-03,180,0
CONTENT_00000584,5,1,417,Country group itself girl information.,2024-03-15,180,0
CONTENT_00000585,3,1,899,Hair risk statement.,2019-05-20,180,0
CONTENT_00000586,1,5,547,Reason something.,2024-06-28,180,0
CONTENT_00000587,1,5,672,Across vote.,2015-11-03,180,0
CONTENT_00000588,1,5,487,Part offer current seek Mrs.,2020-10-06,180,0
CONTENT_00000589,5,3,973,Detail those significant bring.,2024-03-27,180,0
CONTENT_00000590,1,3,428,Lay ask dark management person.,2024-04-17,180,0
CONTENT_00000591,5,4,22,Develop company both institution.,2019-09-11,180,0
CONTENT_00000592,2,3,338,Political other smile whose always.,2019-06-28,180,0
CONTENT_00000593,4,4,833,Stand administration.,2025-04-04,180,0
CONTENT_00000594,3,4,299,Reach my issue.,2022-01-09,180,0
CONTENT_00000595,5,3,297,Rather education never.,2023-04-13,180,0
CONTENT_00000596,2,3,908,Question ten.,2021-05-24,180,0
CONTENT_00000597,1,5,183,May theory plant.,2023-05-04,180,0
CONTENT_00000598,2,5,766,Though issue wall magazine.,2016-08-25,180,0
CONTENT_00000599,4,5,747,Century property life.,2022-09-02,180,0
CONTENT_00000600,2,3,375,Nothing ten education.,2021-01-23,180,0
CONTENT_00000601,2,1,4,Responsibility fish collection military realize.,2019-01-02,180,0
CONTENT_00000602,1,1,65,Option strong whatever book.,2017-01-26,180,0
CONTENT_00000603,3,1,472,Congress alone.,2025-01-28,180,0
CONTENT_00000604,3,1,924,Decide page discover animal.,2021-01-23,180,0
CONTENT_00000605,2,5,606,Congress far see prove.,2023-11-23,180,0
CONTENT_00000606,5,1,915,Environmental deep idea.,2019-09-19,180,0
CONTENT_00000607,4,3,947,Almost artist fine guy.,2019-07-22,180,0
CONTENT_00000608,2,3,417,Decade hit fish manager blood.,2019-06-30,180,0
CONTENT_00000609,4,2,632,Far chance home.,2016-01-20,180,0
CONTENT_00000610,4,5,271,Series across.,2025-01-02,180,0
CONTENT_00000611,1,1,742,Close inside among.,2016-01-19,180,0
CONTENT_00000612,4,1,586,Large response.,2023-05-09,180,0
CONTENT_00000613,4,5,599,Note do student your different.,2016-05-13,180,0
CONTENT_00000614,2,1,503,Nor floor account.,2023-10-23,180,0
CONTENT_00000615,5,5,476,Would call tell me grow.,2018-12-20,180,0
CONTENT_00000616,4,2,710,Reflect executive among.,2022-04-14,180,0
CONTENT_00000617,2,3,792,Maybe whatever reason.,2024-08-18,180,0
CONTENT_00000618,5,2,913,Develop day camera.,2020-12-02,180,0
CONTENT_00000619,3,2,801,Catch Mrs half.,2020-06-18,180,0
CONTENT_00000620,3,4,917,Forget step station.,2018-03-28,180,0
CONTENT_00000621,5,2,982,It suffer.,2023-03-23,180,0
CONTENT_00000622,3,2,598,Structure four attention kid.,2015-06-14,180,0
CONTENT_00000623,4,5,253,Prepare analysis more section fire.,2022-02-06,180,0
CONTENT_00000624,1,1,53,Tv care quality guess some.,2019-10-23,180,0
CONTENT_00000625,2,1,85,Else citizen coach.,2016-10-01,180,0
CONTENT_00000626,4,2,63,Scientist big deal.,2015-09-21,180,0
CONTENT_00000627,5,2,764,Hear employee fish style family.,2021-08-17,180,0
CONTENT_00000628,4,5,696,Individual sit.,2019-08-26,180,0
CONTENT_00000629,1,2,390,Picture citizen employee American.,2015-06-30,180,0
CONTENT_00000630,2,3,37,Together air begin glass garden.,2024-12-18,180,0
CONTENT_00000631,1,2,678,Wear help increase small try.,2021-09-12,180,0
CONTENT_00000632,5,4,377,Them task use support he.,2023-01-07,180,0
CONTENT_00000633,5,1,615,Floor challenge every.,2020-04-16,180,0
CONTENT_00000634,2,3,403,Model feeling main administration five.,2016-06-02,180,0
CONTENT_00000635,5,1,784,Identify majority relationship huge born.,2019-06-14,180,0
CONTENT_00000636,5,2,759,Present sister never keep.,2016-09-05,180,0
CONTENT_00000637,2,4,960,Deal expect her again.,2018-06-17,180,0
CONTENT_00000638,3,4,28,Husband cup.,2022-10-04,180,0
CONTENT_00000639,2,4,698,Else enough especially shake.,2015-11-27,180,0
CONTENT_00000640,5,1,4,Deep product future page religious.,2017-10-17,180,0
CONTENT_00000641,4,2,167,Stock cause development despite.,2021-08-24,180,0
CONTENT_00000642,4,3,411,Material start.,2016-12-03,180,0
CONTENT_00000643,4,3,953,Government single behavior.,2023-10-08,180,0
CONTENT_00000644,2,3,490,Production cost budget later.,2020-01-22,180,0
CONTENT_00000645,1,5,627,Clearly look attorney film.,2023-10-16,180,0
CONTENT_00000646,2,5,708,Out guy imagine.,2017-04-11,180,0
CONTENT_00000647,4,5,433,First central.,2016-04-13,180,0
CONTENT_00000648,1,1,210,Great have care.,2023-10-14,180,0
CONTENT_00000649,2,3,557,Thus debate.,2023-08-11,180,0
CONTENT_00000650,3,2,542,Hand painting consumer.,2019-01-02,180,0
CONTENT_00000651,4,4,243,Clearly feel.,2020-05-03,180,0
CONTENT_00000652,5,3,620,Move respond region key however.,2022-07-25,180,0
CONTENT_00000653,2,4,667,Economy whatever entire.,2022-12-26,180,0
CONTENT_00000654,1,2,794,Generation six.,2017-09-09,180,0
CONTENT_00000655,5,5,520,Hotel fight.,2018-09-03,180,0
CONTENT_00000656,3,5,301,Control site choice.,2016-02-11,180,0
CONTENT_00000657,2,3,844,Realize cup others painting.,2018-12-27,180,0
CONTENT_00000658,2,2,354,Cause people.,2022-10-16,180,0
CONTENT_00000659,1,1,652,Already sit million dark particular.,2017-02-19,180,0
CONTENT_00000660,5,5,563,Approach military power into.,2023-03-23,180,0
CONTENT_00000661,3,1,369,Guy make style.,2017-07-31,180,0
CONTENT_00000662,5,1,53,Goal light since.,2021-01-28,180,0
CONTENT_00000663,1,4,521,Artist tree meet assume.,2018-09-19,180,0
CONTENT_00000664,2,4,29,Growth admit score glass.,2025-03-01,180,0
CONTENT_00000665,5,4,219,Offer age official top born.,2024-04-26,180,0
CONTENT_00000666,4,3,211,Heart middle mission speech.,2015-11-14,180,0
CONTENT_00000667,1,4,600,Improve outside issue.,2022-01-18,180,0
CONTENT_00000668,1,3,533,International use speak use finish.,2024-08-31,180,0
CONTENT_00000669,4,1,253,Example common pull western.,2022-06-16,180,0
CONTENT_00000670,1,1,99,Institution ever young.,2021-03-22,180,0
CONTENT_00000671,2,2,239,Quite have affect civil change.,2023-01-09,180,0
CONTENT_00000672,2,1,708,High behavior.,2022-10-17,180,0
CONTENT_00000673,1,1,563,Feel near lose return.,2019-06-29,180,0
CONTENT_00000674,1,2,161,Decide reflect break door.,2018-05-07,180,0
CONTENT_00000675,5,3,136,Interview decade government value writer.,2021-08-08,180,0
CONTENT_00000676,1,5,193,Such feeling add.,2024-05-01,180,0
CONTENT_00000677,1,4,891,Need cost memory heavy name.,2025-04-14,180,0
CONTENT_00000678,4,1,665,Weight voice enjoy.,2018-10-17,180,0
CONTENT_00000679,5,4,469,Collection sound race town.,2024-08-25,180,0
CONTENT_00000680,2,3,367,Grow a tell yeah chair.,2020-04-13,180,0
CONTENT_00000681,3,3,165,Someone appear.,2019-09-10,180,0
CONTENT_00000682,2,4,241,Nice best several.,2025-01-14,180,0
CONTENT_00000683,5,2,734,Position rate.,2015-12-29,180,0
CONTENT_00000684,3,3,769,Discover really all.,2023-10-10,180,0
CONTENT_00000685,2,5,686,Note interesting world agree model.,2017-09-04,180,0
CONTENT_00000686,4,1,138,Professor office.,2019-06-30,180,0
CONTENT_00000687,4,4,51,Factor stage old.,2024-05-25,180,0
CONTENT_00000688,5,4,638,Write course newspaper whose.,2018-06-19,180,0
CONTENT_00000689,1,5,188,Maintain treatment event smile.,2024-03-22,180,0
CONTENT_00000690,4,5,619,End individual.,2024-06-04,180,0
CONTENT_00000691,2,2,418,You set sport it.,2020-10-03,180,0
CONTENT_00000692,1,2,673,Sing then ground day.,2024-03-23,180,0
CONTENT_00000693,1,1,921,Join list allow college in.,2021-09-27,180,0
CONTENT_00000694,5,3,70,Hundred film.,2016-11-05,180,0
CONTENT_00000695,4,1,804,Discuss over analysis.,2023-06-26,180,0
CONTENT_00000696,3,5,357,Act reality improve now true.,2017-12-20,180,0
CONTENT_00000697,5,3,239,Product current.,2015-08-20,180,0
CONTENT_00000698,3,2,394,Parent raise method.,2019-01-31,180,0
CONTENT_00000699,5,2,543,Never media job amount pull.,2017-05-12,180,0
CONTENT_00000700,5,3,86,Travel contain thank ten job.,2024-05-20,180,0
CONTENT_00000701,5,1,42,Create site for.,2020-12-06,180,0
CONTENT_00000702,5,3,875,Skill structure real such our.,2025-02-28,180,0
CONTENT_00000703,4,4,953,Example six group.,2021-01-10,180,0
CONTENT_00000704,5,3,551,Pass key early represent.,2016-09-09,180,0
CONTENT_00000705,4,3,302,And option fact their value.,2015-10-21,180,0
CONTENT_00000706,5,4,131,Avoid him.,2019-07-31,180,0
CONTENT_00000707,1,5,698,Production station nation yard.,2018-09-30,180,0
CONTENT_00000708,4,2,578,Affect live green.,2018-12-18,180,0
CONTENT_00000709,5,5,9,Character mind.,2021-10-08,180,0
CONTENT_00000710,5,3,824,But evidence medical.,2021-05-23,180,0
CONTENT_00000711,4,3,602,Job case.,2016-03-30,180,0
CONTENT_00000712,4,3,972,Whom happen.,2018-08-26,180,0
CONTENT_00000713,3,3,278,Soon human process.,2015-10-30,180,0
CONTENT_00000714,1,2,708,Price language agency.,2017-02-12,180,0
CONTENT_00000715,5,2,173,Somebody amount treatment design.,2018-05-30,180,0
CONTENT_00000716,3,4,51,Case help do.,2021-06-08,180,0
CONTENT_00000717,5,2,827,Audience himself response heart.,2025-05-26,180,0
CONTENT_00000718,4,5,881,Act level strong.,2020-06-14,180,0
CONTENT_00000719,1,5,788,Feel off poor travel.,2015-07-06,180,0
CONTENT_00000720,2,3,310,Beautiful fine security.,2023-03-07,180,0
CONTENT_00000721,2,2,867,Enough certain likely.,2023-10-14,180,0
CONTENT_00000722,3,3,327,Nothing office country.,2017-08-02,180,0
CONTENT_00000723,4,5,353,Next police oil.,2020-03-10,180,0
CONTENT_00000724,2,4,907,Card card cover deal trade.,2021-11-27,180,0
CONTENT_00000725,2,2,463,Admit too base whole.,2018-05-12,180,0
CONTENT_00000726,1,2,618,Space move bring character.,2025-01-27,180,0
CONTENT_00000727,2,2,74,Practice more.,2020-05-23,180,0
CONTENT_00000728,4,1,687,Standard prove over information toward.,2020-07-26,180,0
CONTENT_00000729,3,5,949,Want degree north.,2021-01-09,180,0
CONTENT_00000730,1,2,763,Son next idea.,2020-12-14,180,0
CONTENT_00000731,3,3,690,Perhaps nor manage success brother.,2015-11-14,180,0
CONTENT_00000732,1,3,173,Down friend wall.,2023-09-17,180,0
CONTENT_00000733,4,1,781,Drive once side try.,2017-05-06,180,0
CONTENT_00000734,1,4,406,Serve local another meet.,2020-07-28,180,0
CONTENT_00000735,5,2,58,Wish move.,2024-05-13,180,0
CONTENT_00000736,3,2,662,Military truth girl arm.,2022-12-09,180,0
CONTENT_00000737,2,5,980,World form scientist follow.,2018-04-24,180,0
CONTENT_00000738,1,3,736,Each argue girl crime.,2024-07-13,180,0
CONTENT_00000739,5,5,454,Pick pick left card list.,2020-05-04,180,0
CONTENT_00000740,1,1,467,Fast say daughter light.,2022-06-17,180,0
CONTENT_00000741,2,3,716,Exist rather fall leg we.,2016-08-02,180,0
CONTENT_00000742,5,1,353,Identify amount federal.,2016-01-13,180,0
CONTENT_00000743,4,1,524,Him audience understand add.,2020-11-04,180,0
CONTENT_00000744,3,1,778,Finish face result experience.,2015-11-18,180,0
CONTENT_00000745,5,3,177,Pattern officer system month.,2019-06-29,180,0
CONTENT_00000746,4,4,649,Media subject most.,2015-06-30,180,0
CONTENT_00000747,4,3,204,Purpose born win explain.,2020-01-01,180,0
CONTENT_00000748,5,1,298,Official measure.,2019-09-12,180,0
CONTENT_00000749,1,4,31,Network relate magazine onto make.,2025-01-17,180,0
CONTENT_00000750,3,1,641,Design kid beyond city.,2023-06-11,180,0
CONTENT_00000751,2,2,535,Wrong mother like debate.,2017-06-14,180,0
CONTENT_00000752,2,4,417,Century fight want himself.,2020-05-13,180,0
CONTENT_00000753,2,4,964,Tree modern.,2022-12-02,180,0
CONTENT_00000754,2,4,873,Study ability hope.,2021-10-03,180,0
CONTENT_00000755,3,1,26,Ago serve ball court.,2023-03-31,180,0
CONTENT_00000756,1,3,610,View artist to.,2019-02-10,180,0
CONTENT_00000757,3,4,654,People ground affect child.,2025-04-23,180,0
CONTENT_00000758,5,4,969,Production outside.,2020-10-05,180,0
CONTENT_00000759,5,5,482,Building sometimes middle.,2021-08-28,180,0
CONTENT_00000760,5,1,344,Interesting yes ready.,2021-08-18,180,0
CONTENT_00000761,5,2,172,Figure third knowledge billion race.,2021-01-24,180,0
CONTENT_00000762,4,1,611,Rich high.,2017-02-26,180,0
CONTENT_00000763,3,1,668,Help expect adult place present.,2022-08-17,180,0
CONTENT_00000764,3,2,220,Recently keep place.,2025-02-05,180,0
CONTENT_00000765,2,5,919,Sell case first my section.,2018-01-29,180,0
CONTENT_00000766,1,5,639,Teacher discussion watch.,2024-08-19,180,0
CONTENT_00000767,4,2,108,Drug door ball we.,2020-01-01,180,0
CONTENT_00000768,1,3,52,Majority staff.,2023-08-30,180,0
CONTENT_00000769,1,3,937,Own understand policy drive.,2019-06-12,180,0
CONTENT_00000770,2,1,796,Lead land thus.,2017-09-16,180,0
CONTENT_00000771,3,4,916,Avoid ok lawyer think.,2022-07-19,180,0
CONTENT_00000772,1,4,532,Hour number.,2018-05-29,180,0
CONTENT_00000773,5,4,664,Author enjoy television benefit.,2024-03-18,180,0
CONTENT_00000774,3,4,782,Campaign education.,2023-08-07,180,0
CONTENT_00000775,1,1,33,Worry market kid.,2020-10-20,180,0
CONTENT_00000776,5,5,59,Huge animal authority.,2022-05-30,180,0
CONTENT_00000777,3,5,418,Even or keep.,2016-11-29,180,0
CONTENT_00000778,1,4,596,Catch laugh Republican.,2025-01-12,180,0
CONTENT_00000779,2,5,666,College city.,2023-10-17,180,0
CONTENT_00000780,5,3,990,Work four start.,2021-12-20,180,0
CONTENT_00000781,3,2,816,Matter something model.,2024-02-29,180,0
CONTENT_00000782,2,5,875,Significant serve significant.,2020-02-20,180,0
CONTENT_00000783,5,3,517,Brother now something.,2024-03-23,180,0
CONTENT_00000784,2,5,691,Effort music specific production.,2020-07-09,180,0
CONTENT_00000785,1,5,910,Challenge news.,2018-04-16,180,0
CONTENT_00000786,2,3,896,Risk me scene.,2016-07-23,180,0
CONTENT_00000787,4,3,423,Senior deal always.,2022-09-01,180,0
CONTENT_00000788,3,4,239,Particularly onto allow.,2016-06-06,180,0
CONTENT_00000789,1,4,739,Vote skill.,2018-07-03,180,0
CONTENT_00000790,3,4,411,Stage car group others another.,2022-08-03,180,0
CONTENT_00000791,4,5,996,Term each.,2021-12-05,180,0
CONTENT_00000792,3,5,751,Visit of more man what.,2021-04-23,180,0
CONTENT_00000793,3,5,762,Source goal field.,2017-10-01,180,0
CONTENT_00000794,2,1,240,Assume country one ever.,2020-05-28,180,0
CONTENT_00000795,5,4,129,Enter support red participant wall.,2021-07-19,180,0
CONTENT_00000796,5,3,882,Interview month interest.,2019-01-25,180,0
CONTENT_00000797,4,5,795,Player response show.,2020-05-28,180,0
CONTENT_00000798,1,3,414,Since view same movement always.,2022-03-28,180,0
CONTENT_00000799,5,3,474,Doctor baby contain hot very.,2016-02-16,180,0
CONTENT_00000800,1,4,592,Site name others value table.,2021-02-24,180,0
CONTENT_00000801,3,4,195,Structure bill possible.,2020-10-03,180,0
CONTENT_00000802,1,5,428,Truth foot middle.,2015-10-07,180,0
CONTENT_00000803,1,2,248,Style miss any news population.,2019-08-17,180,0
CONTENT_00000804,4,3,430,Leave glass.,2018-12-14,180,0
CONTENT_00000805,2,1,211,Allow power gas.,2020-07-01,180,0
CONTENT_00000806,3,4,913,Score for group among.,2017-01-25,180,0
CONTENT_00000807,3,4,862,Eight her well so.,2022-04-06,180,0
CONTENT_00000808,1,1,198,Area music.,2015-10-29,180,0
CONTENT_00000809,2,1,96,Trade region.,2021-02-05,180,0
CONTENT_00000810,5,2,326,Adult investment help.,2021-03-13,180,0
CONTENT_00000811,1,1,498,Take citizen future.,2023-02-02,180,0
CONTENT_00000812,1,4,667,Next administration girl participant style.,2019-08-02,180,0
CONTENT_00000813,2,2,774,Common soon.,2016-07-10,180,0
CONTENT_00000814,2,4,678,Some direction war success.,2018-05-16,180,0
CONTENT_00000815,4,4,86,Share indeed decade unit.,2015-08-28,180,0
CONTENT_00000816,4,2,129,Reflect paper compare.,2018-12-02,180,0
CONTENT_00000817,2,2,978,Certain while.,2022-12-26,180,0
CONTENT_00000818,3,4,563,Sea book.,2021-07-16,180,0
CONTENT_00000819,3,3,256,Happy risk add determine.,2021-01-29,180,0
CONTENT_00000820,4,1,481,Determine hear everyone possible trial.,2017-06-08,180,0
CONTENT_00000821,4,4,478,Decade onto west ground series.,2023-04-07,180,0
CONTENT_00000822,1,3,87,Amount newspaper name.,2018-05-04,180,0
CONTENT_00000823,5,1,459,Court read cut factor.,2017-12-10,180,0
CONTENT_00000824,3,5,288,Often challenge pattern personal.,2016-11-16,180,0
CONTENT_00000825,5,3,531,Red popular live reveal machine.,2019-07-31,180,0
CONTENT_00000826,5,5,831,Power story tax still.,2015-10-23,180,0
CONTENT_00000827,2,4,494,Tough important dinner.,2016-11-19,180,0
CONTENT_00000828,3,3,230,Policy their admit cup society.,2020-07-19,180,0
CONTENT_00000829,1,2,319,Use available.,2018-07-16,180,0
CONTENT_00000830,2,2,685,Night available street determine.,2024-09-30,180,0
CONTENT_00000831,3,1,755,Think blue foreign despite.,2016-09-27,180,0
CONTENT_00000832,1,2,692,Natural get know develop six.,2023-04-24,180,0
CONTENT_00000833,3,3,634,Kind industry staff.,2022-03-02,180,0
CONTENT_00000834,4,3,565,Blood animal family travel.,2022-02-06,180,0
CONTENT_00000835,3,3,710,Million oil single century.,2024-09-15,180,0
CONTENT_00000836,4,1,944,Decision different shake happen.,2025-03-26,180,0
CONTENT_00000837,1,2,249,Sport forget until daughter.,2021-04-02,180,0
CONTENT_00000838,5,3,975,Animal bad significant rock.,2024-09-16,180,0
CONTENT_00000839,5,4,223,Later list town.,2023-05-09,180,0
CONTENT_00000840,5,5,5,Resource cost give life.,2021-07-08,180,0
CONTENT_00000841,1,4,42,Management make early machine family.,2017-04-02,180,0
CONTENT_00000842,2,5,609,Natural fish control attorney.,2018-07-13,180,0
CONTENT_00000843,1,3,671,North spend again culture.,2015-12-24,180,0
CONTENT_00000844,1,3,153,Our give hour about.,2021-08-13,180,0
CONTENT_00000845,2,4,942,Enough him baby attention.,2017-04-30,180,0
CONTENT_00000846,2,3,111,Year yourself.,2023-02-24,180,0
CONTENT_00000847,1,3,160,Issue between interest.,2015-07-06,180,0
CONTENT_00000848,4,2,261,Miss unit team word response.,2020-11-24,180,0
CONTENT_00000849,3,1,246,Determine ok its.,2021-06-23,180,0
CONTENT_00000850,5,3,296,Method become drop music wife.,2018-06-07,180,0
CONTENT_00000851,4,2,277,Course significant window.,2017-01-06,180,0
CONTENT_00000852,1,3,889,Public test former.,2022-11-30,180,0
CONTENT_00000853,2,5,641,Together lot model.,2022-03-16,180,0
CONTENT_00000854,5,3,767,Number society service.,2021-12-06,180,0
CONTENT_00000855,2,1,232,Design development their church.,2016-10-28,180,0
CONTENT_00000856,4,2,942,Total least.,2022-09-27,180,0
CONTENT_00000857,5,2,335,Blood mission fine.,2018-07-16,180,0
CONTENT_00000858,1,5,704,Audience together party guess concern.,2024-10-27,180,0
CONTENT_00000859,1,3,559,Determine eye use meeting me.,2018-08-04,180,0
CONTENT_00000860,2,2,320,Institution join right task.,2015-07-12,180,0
CONTENT_00000861,4,3,320,Thing too.,2017-05-07,180,0
CONTENT_00000862,2,5,263,Method weight wide inside decade.,2020-07-23,180,0
CONTENT_00000863,4,1,609,Data bag glass security.,2018-08-09,180,0
CONTENT_00000864,3,2,732,Fish leader majority from lay.,2022-11-05,180,0
CONTENT_00000865,1,3,987,Leave top section room.,2019-04-09,180,0
CONTENT_00000866,1,2,518,When set air.,2022-03-10,180,0
CONTENT_00000867,2,1,528,Beyond evening admit act.,2020-07-15,180,0
CONTENT_00000868,1,1,835,Whose gun today second.,2017-12-17,180,0
CONTENT_00000869,2,2,60,Strong sometimes could question bed.,2018-09-28,180,0
CONTENT_00000870,4,1,645,Author government owner might worry.,2017-04-02,180,0
CONTENT_00000871,4,1,449,Event to debate.,2020-05-19,180,0
CONTENT_00000872,2,5,99,Someone staff student sound hair.,2020-12-24,180,0
CONTENT_00000873,4,2,585,Small start.,2021-06-27,180,0
CONTENT_00000874,1,5,380,Quickly own at thousand work.,2020-03-24,180,0
CONTENT_00000875,1,5,268,Difference product performance.,2020-02-24,180,0
CONTENT_00000876,1,4,735,Specific painting.,2024-11-30,180,0
CONTENT_00000877,4,2,661,Hope range police his leave.,2020-07-20,180,0
CONTENT_00000878,5,1,398,Develop whole condition call.,2018-09-04,180,0
CONTENT_00000879,5,5,368,Dark skill agree then.,2024-04-26,180,0
CONTENT_00000880,2,3,363,Always sit game hour.,2017-10-31,180,0
CONTENT_00000881,3,4,87,Become moment little idea money.,2018-09-21,180,0
CONTENT_00000882,5,2,234,Late animal west.,2016-12-10,180,0
CONTENT_00000883,2,3,585,Know message.,2024-07-25,180,0
CONTENT_00000884,5,1,800,Fall he peace.,2021-05-12,180,0
CONTENT_00000885,5,2,766,Letter lawyer couple night.,2023-09-04,180,0
CONTENT_00000886,1,3,427,Campaign mouth cold author enough.,2019-02-06,180,0
CONTENT_00000887,2,5,169,Hundred others among miss deep.,2015-10-20,180,0
CONTENT_00000888,1,1,113,Realize material another help nearly.,2016-05-25,180,0
CONTENT_00000889,3,5,926,White sound political democratic human.,2016-10-16,180,0
CONTENT_00000890,3,2,99,Collection soldier.,2025-04-19,180,0
CONTENT_00000891,1,3,562,Involve among daughter short.,2022-11-11,180,0
CONTENT_00000892,1,1,348,Book entire clearly behind from.,2018-07-13,180,0
CONTENT_00000893,4,5,671,Mrs suffer marriage of concern.,2024-04-03,180,0
CONTENT_00000894,1,1,11,Ten adult.,2020-09-06,180,0
CONTENT_00000895,1,3,203,Use including.,2023-07-20,180,0
CONTENT_00000896,3,4,617,Me line start explain.,2023-08-05,180,0
CONTENT_00000897,3,3,506,Fish seat sister indeed.,2021-12-24,180,0
CONTENT_00000898,1,4,806,Very tough already.,2020-03-22,180,0
CONTENT_00000899,1,4,854,Only within usually reason.,2018-07-05,180,0
CONTENT_00000900,2,5,838,Against report draw man make.,2021-10-08,180,0
CONTENT_00000901,3,3,454,Natural mouth risk.,2019-11-12,180,0
CONTENT_00000902,5,5,446,Allow affect activity however north.,2023-03-30,180,0
CONTENT_00000903,3,3,377,Cause anything real.,2020-03-10,180,0
CONTENT_00000904,1,2,885,Fight member.,2022-05-23,180,0
CONTENT_00000905,1,4,420,Ground ready beyond culture another.,2022-07-05,180,0
CONTENT_00000906,3,4,197,Send tell tend.,2017-05-01,180,0
CONTENT_00000907,2,4,684,It until performance.,2024-04-21,180,0
CONTENT_00000908,2,2,979,Recognize rise green condition performance.,2020-01-27,180,0
CONTENT_00000909,4,4,779,Court camera just.,2017-10-07,180,0
CONTENT_00000910,3,2,576,Write pay.,2022-01-22,180,0
CONTENT_00000911,1,5,131,Term item.,2017-01-24,180,0
CONTENT_00000912,2,3,109,Effect language summer.,2018-12-22,180,0
CONTENT_00000913,5,3,163,Care film energy through.,2018-11-27,180,0
CONTENT_00000914,5,2,831,Moment imagine.,2019-09-19,180,0
CONTENT_00000915,4,4,684,Popular car.,2023-11-26,180,0
CONTENT_00000916,2,4,835,Even thought look.,2021-03-30,180,0
CONTENT_00000917,3,1,774,Wind summer dinner yet.,2023-02-04,180,0
CONTENT_00000918,1,2,669,Less church provide network.,2017-10-24,180,0
CONTENT_00000919,3,3,227,Positive another whatever style.,2022-02-07,180,0
CONTENT_00000920,3,5,975,True wish.,2018-02-18,180,0
CONTENT_00000921,2,5,884,Race themselves artist.,2022-09-14,180,0
CONTENT_00000922,1,4,563,Ready most hand community.,2023-10-01,180,0
CONTENT_00000923,3,3,657,Stay someone expect.,2019-09-10,180,0
CONTENT_00000924,5,1,395,Letter quickly management.,2019-02-16,180,0
CONTENT_00000925,4,5,715,Born fish son standard.,2022-06-14,180,0
CONTENT_00000926,2,4,447,Material sort sell project.,2024-11-12,180,0
CONTENT_00000927,2,4,390,Half within admit.,2017-07-23,180,0
CONTENT_00000928,2,5,126,Congress letter yes fire.,2018-12-11,180,0
CONTENT_00000929,4,4,636,Necessary budget fly.,2017-03-09,180,0
CONTENT_00000930,2,1,71,Black side serious only administration.,2016-08-06,180,0
CONTENT_00000931,3,5,404,Country method so campaign.,2022-05-16,180,0
CONTENT_00000932,5,5,304,Similar although simple direction design.,2018-01-10,180,0
CONTENT_00000933,4,5,501,Him door reflect Mr.,2023-06-09,180,0
CONTENT_00000934,5,1,162,Some develop physical fish.,2020-02-15,180,0
CONTENT_00000935,3,5,82,Central society current.,2015-07-19,180,0
CONTENT_00000936,4,3,50,Administration fund computer herself.,2022-08-18,180,0
CONTENT_00000937,2,5,626,Team subject.,2019-05-02,180,0
CONTENT_00000938,1,4,195,Green somebody.,2018-04-01,180,0
CONTENT_00000939,5,3,382,Many do institution.,2023-08-26,180,0
CONTENT_00000940,3,1,696,Character with while authority.,2024-03-04,180,0
CONTENT_00000941,4,1,406,Article sign lay good.,2025-05-01,180,0
CONTENT_00000942,3,1,964,Particularly affect paper.,2020-11-04,180,0
CONTENT_00000943,1,3,96,Experience these none.,2023-02-08,180,0
CONTENT_00000944,3,2,264,International language.,2024-09-21,180,0
CONTENT_00000945,1,1,794,Tell summer value little.,2015-11-29,180,0
CONTENT_00000946,2,3,386,Near recent take project.,2017-12-13,180,0
CONTENT_00000947,1,2,789,Stage candidate add.,2019-05-09,180,0
CONTENT_00000948,2,5,848,Dog two.,2020-03-09,180,0
CONTENT_00000949,5,5,429,Cell however factor.,2020-08-14,180,0
CONTENT_00000950,5,1,21,Thousand in street strong.,2016-10-30,180,0
CONTENT_00000951,1,5,742,Force town data.,2021-11-03,180,0
CONTENT_00000952,4,4,403,Spring practice story.,2023-02-03,180,0
CONTENT_00000953,1,5,88,Town garden.,2022-11-14,180,0
CONTENT_00000954,4,2,500,Former two enjoy develop.,2021-06-08,180,0
CONTENT_00000955,1,3,745,Education southern form great true.,2022-11-16,180,0
CONTENT_00000956,2,3,611,Upon their.,2017-04-03,180,0
CONTENT_00000957,1,1,710,Various effect player.,2021-06-22,180,0
CONTENT_00000958,5,3,991,Federal truth number.,2022-12-12,180,0
CONTENT_00000959,4,3,736,Manager themselves water Congress animal.,2024-09-18,180,0
CONTENT_00000960,5,5,954,Girl third catch.,2021-04-05,180,0
CONTENT_00000961,5,3,560,Institution plan idea defense.,2017-01-11,180,0
CONTENT_00000962,3,1,908,Short also later wish.,2019-05-03,180,0
CONTENT_00000963,1,1,302,Few indicate white.,2024-07-03,180,0
CONTENT_00000964,3,5,914,Box court special assume these.,2019-06-24,180,0
CONTENT_00000965,2,1,63,Color from protect.,2019-10-03,180,0
CONTENT_00000966,4,5,388,Sit enter something thus between.,2024-04-29,180,0
CONTENT_00000967,4,5,222,Step action attack always what.,2020-04-19,180,0
CONTENT_00000968,4,1,926,Marriage free kind lot.,2022-05-30,180,0
CONTENT_00000969,2,5,455,Maintain whose usually.,2016-04-25,180,0
CONTENT_00000970,2,1,529,Road conference.,2020-05-18,180,0
CONTENT_00000971,4,5,44,Investment believe recognize probably.,2018-10-29,180,0
CONTENT_00000972,5,2,393,Everybody edge pass if.,2023-03-17,180,0
CONTENT_00000973,5,4,766,Theory value forget.,2022-11-04,180,0
CONTENT_00000974,3,2,636,Candidate debate including kid.,2019-08-24,180,0
CONTENT_00000975,5,2,991,Movement sure leave.,2019-07-18,180,0
CONTENT_00000976,4,2,428,Discussion understand protect.,2024-12-05,180,0
CONTENT_00000977,3,1,340,Money site great fact.,2019-05-05,180,0
CONTENT_00000978,1,5,475,Five per eat to.,2018-08-13,180,0
CONTENT_00000979,2,1,185,Radio successful lot painting.,2016-07-15,180,0
CONTENT_00000980,4,1,219,Recognize that tough pattern.,2021-12-19,180,0
CONTENT_00000981,4,4,40,Up probably now.,2023-08-01,180,0
CONTENT_00000982,1,1,325,Whole table government tell.,2016-06-21,180,0
CONTENT_00000983,2,1,632,Good laugh decide follow.,2017-07-01,180,0
CONTENT_00000984,2,5,466,Four together several treat child.,2025-01-26,180,0
CONTENT_00000985,3,2,376,Reveal information example since air.,2017-01-27,180,0
CONTENT_00000986,4,1,293,Although central wrong.,2016-06-19,180,0
CONTENT_00000987,5,5,12,Left recognize moment room.,2018-03-30,180,0
CONTENT_00000988,4,1,945,Left American region across.,2025-03-01,180,0
CONTENT_00000989,4,3,236,Source behavior daughter form.,2024-04-18,180,0
CONTENT_00000990,5,5,228,Reach dream exist.,2019-03-29,180,0
CONTENT_00000991,4,4,883,Training more degree value job.,2020-08-02,180,0
CONTENT_00000992,5,4,911,Stop high music.,2019-12-14,180,0
CONTENT_00000993,2,2,641,About rate experience difficult.,2016-03-13,180,0
CONTENT_00000994,2,4,97,Anything particularly hope.,2016-09-07,180,0
CONTENT_00000995,5,1,517,Simple while space particularly sell.,2021-07-20,180,0
CONTENT_00000996,2,5,601,Medical avoid door successful.,2018-08-26,180,0
CONTENT_00000997,5,5,298,Throw speak.,2018-06-10,180,0
CONTENT_00000998,4,4,468,Great recently society however structure.,2016-09-27,180,0
CONTENT_00000999,5,1,556,Instead entire.,2024-10-19,180,0
CONTENT_00001000,1,5,405,Other chair time.,2019-06-04,180,0
