content_id,content_code,source,title,genres,release_date,type,duration,age_rating,director,is_up_to_date
1,CONTENT_00000001,postgresql1,Updated Title,Animation;Documentary,2024-02-01,Documentary,180,NC-17,Jason Brooks,0
2,CONTENT_00000001,postgresql2,Updated Title 2,Romance;Sci-Fi,2024-02-04,Short Film,180,12+,Allen Dunn,0
3,CONTENT_00000002,postgresql1,Radio reach side yard.,Documentary;Fantasy,2019-04-19,Short Film,180,NC-17,Jeffery Smith,1
4,CONTENT_00000002,postgresql2,Better yeah perhaps.,Comedy;Drama;Thriller,2025-02-02,Special,180,18+,Joshua Reynolds,1
5,CONTENT_00000003,postgresql1,Industry beautiful interesting practice.,Documentary;Drama,2025-01-20,Special,180,G,John Miller,1
6,CONTENT_00000003,postgresql2,Week wait.,Comedy;Drama;Thriller,2025-01-07,Series,180,6+,Jordan Whitaker,1
7,CONTENT_00000004,postgresql1,Age skill Mr.,Documentary;Sci-Fi,2016-08-17,Documentary,180,PG,Christina Mccarty,1
8,CONTENT_00000004,postgresql2,Play because.,Action;Comedy,2019-08-12,Special,180,18+,Jose Day,1
9,CONTENT_00000005,postgresql1,Require modern peace class.,Action;Sci-Fi,2023-05-01,Series,180,G,Katherine Mills,1
10,CONTENT_00000005,postgresql2,Age generation.,Animation,2017-04-29,Series,180,12+,Pamela Koch,1
11,CONTENT_00000006,postgresql1,Plan decide local.,Action;Animation;Sci-Fi,2020-03-04,Movie,180,PG,Richard Thompson,1
12,CONTENT_00000006,postgresql2,Performance some whatever.,Drama;Sci-Fi,2024-04-14,Movie,180,16+,Christian Bryant,1
13,CONTENT_00000007,postgresql1,Control option school week eye.,Drama,2016-07-03,Short Film,180,G,Devin Wood,1
14,CONTENT_00000007,postgresql2,Many unit participant.,Drama;Romance;Thriller,2018-12-16,Short Film,180,18+,Tony Huang,1
15,CONTENT_00000008,postgresql1,Open camera change.,Animation;Sci-Fi,2021-09-01,Series,180,PG-13,Linda Howell,1
16,CONTENT_00000008,postgresql2,Read tax.,Horror;Romance,2021-10-21,Series,180,12+,Richard Jones,1
17,CONTENT_00000009,postgresql1,White write.,Fantasy;Horror;Thriller,2017-09-19,Special,180,PG-13,Jason Briggs,1
18,CONTENT_00000009,postgresql2,Light country price.,Documentary,2022-05-07,Short Film,180,6+,Megan Martin,1
19,CONTENT_00000010,postgresql1,Recent listen record.,Documentary,2017-03-30,Special,180,PG,Catherine Erickson,1
20,CONTENT_00000010,postgresql2,Some under.,Horror,2022-10-22,Short Film,180,18+,Catherine Adkins,1
21,CONTENT_00000011,postgresql1,Still democratic ok may author.,Comedy,2019-11-09,Series,180,NC-17,Michael Russell,1
22,CONTENT_00000011,postgresql2,Road marriage.,Action;Fantasy;Horror,2022-08-21,Movie,180,12+,Michelle Buchanan,1
23,CONTENT_00000012,postgresql1,Send station management answer.,Documentary;Drama,2024-01-16,Series,180,R,Robert Wolf,1
24,CONTENT_00000012,postgresql2,Prevent inside form field.,Animation,2019-12-26,Series,180,6+,Eric Robinson,1
25,CONTENT_00000013,postgresql1,Conference nice book interesting.,Horror;Thriller,2015-06-25,Special,180,NC-17,Jose Lee,1
26,CONTENT_00000013,postgresql2,Business move seven.,Animation;Horror,2020-02-27,Movie,180,12+,Elizabeth Hamilton,1
27,CONTENT_00000014,postgresql1,Professor month free.,Documentary;Drama;Fantasy,2015-08-14,Special,180,PG-13,Katherine Mckinney,1
28,CONTENT_00000014,postgresql2,Performance seek nor.,Animation;Documentary;Thriller,2022-06-07,Documentary,180,6+,Benjamin Smith,1
29,CONTENT_00000015,postgresql1,Charge present newspaper food.,Documentary;Horror;Romance,2020-03-10,Documentary,180,G,John Miller,1
30,CONTENT_00000015,postgresql2,Cultural to.,Horror;Romance;Sci-Fi,2023-01-25,Documentary,180,18+,Melissa Brooks,1
31,CONTENT_00000016,postgresql1,Gas bed its body.,Action,2015-06-28,Short Film,180,G,Katherine Mills,1
32,CONTENT_00000016,postgresql2,Perform almost consumer economic.,Comedy,2023-04-03,Movie,180,16+,Brittany Graham,1
33,CONTENT_00000017,postgresql1,Onto move interesting control.,Drama;Thriller,2021-04-03,Short Film,180,PG-13,Sean Brown,1
34,CONTENT_00000017,postgresql2,Left table detail.,Animation,2019-03-25,Short Film,180,16+,Jamie Potts,1
35,CONTENT_00000018,postgresql1,Toward late have.,Drama,2015-11-04,Short Film,180,NC-17,Jason Brooks,1
36,CONTENT_00000018,postgresql2,Never charge.,Drama,2021-07-01,Movie,180,12+,Catherine Adkins,1
37,CONTENT_00000019,postgresql1,Personal young economy source.,Drama,2022-06-09,Series,180,PG-13,David Bird,1
38,CONTENT_00000019,postgresql2,Art blood.,Documentary;Horror,2018-01-08,Movie,180,16+,Paul Oconnell,1
39,CONTENT_00000020,postgresql1,Gun you itself.,Animation,2024-05-30,Documentary,180,R,Jeffery Smith,1
40,CONTENT_00000020,postgresql2,Answer.,Sci-Fi,2016-04-28,Series,180,12+,Christian Bryant,1
41,CONTENT_00000021,postgresql1,Child piece.,Documentary;Sci-Fi,2016-05-26,Documentary,180,R,Antonio Franco,1
42,CONTENT_00000021,postgresql2,Around.,Comedy;Drama,2024-05-31,Series,180,18+,Robert Graham,1
43,CONTENT_00000022,postgresql1,Person media inside.,Comedy,2015-11-01,Short Film,180,G,Michael White,1
44,CONTENT_00000022,postgresql2,Significant film.,Comedy;Drama,2024-11-19,Series,180,18+,Russell Lopez,1
45,CONTENT_00000023,postgresql1,Be radio finally discover.,Horror;Romance;Thriller,2016-12-05,Special,180,G,Jamie Gonzales,1
46,CONTENT_00000023,postgresql2,Anyone something to.,Action,2024-06-11,Short Film,180,12+,Jordan Whitaker,1
47,CONTENT_00000024,postgresql1,Left against may.,Animation,2022-10-10,Series,180,R,Michael Allen,1
48,CONTENT_00000024,postgresql2,Ready surface.,Horror;Thriller,2016-05-13,Movie,180,6+,Vincent Bender DVM,1
49,CONTENT_00000025,postgresql1,Sport organization late.,Thriller,2021-12-15,Documentary,180,R,Jason Briggs,1
50,CONTENT_00000025,postgresql2,Resource me body.,Comedy;Drama,2023-07-24,Series,180,12+,Denise Maddox,1
51,CONTENT_00000026,postgresql1,Hotel choice just it.,Action;Fantasy;Horror,2021-12-06,Movie,180,PG-13,Brooke Trujillo,1
52,CONTENT_00000026,postgresql2,Head think sometimes.,Fantasy;Horror,2015-09-28,Documentary,180,12+,Robert Graham,1
53,CONTENT_00000027,postgresql1,Loss born of.,Animation;Thriller,2019-11-16,Series,180,G,Natalie Dominguez,1
54,CONTENT_00000027,postgresql2,Billion call by write.,Comedy;Fantasy;Horror,2016-07-19,Special,180,12+,Timothy Nichols,1
55,CONTENT_00000028,postgresql1,Occur avoid recently modern step.,Action,2024-11-28,Movie,180,R,Alejandro Murillo,1
56,CONTENT_00000028,postgresql2,Project speak morning.,Drama;Horror;Sci-Fi,2020-11-21,Documentary,180,18+,Destiny Peck,1
57,CONTENT_00000029,postgresql1,World table.,Animation;Fantasy;Thriller,2022-07-01,Special,180,G,Michael White,1
58,CONTENT_00000029,postgresql2,Pay serve.,Action;Horror,2025-02-09,Short Film,180,6+,Jason Phillips,1
59,CONTENT_00000030,postgresql1,Thought pull quite.,Animation;Sci-Fi,2025-04-17,Short Film,180,R,Peter White,1
60,CONTENT_00000030,postgresql2,Establish conference.,Comedy;Horror,2016-03-25,Short Film,180,18+,Eric Robinson,1
61,CONTENT_00000031,postgresql1,Figure particular.,Documentary,2019-10-18,Movie,180,G,Christina Alvarez,1
62,CONTENT_00000031,postgresql2,Stuff determine protect.,Action;Documentary;Drama,2020-09-27,Short Film,180,6+,Elizabeth Hamilton,1
63,CONTENT_00000032,postgresql1,Administration that stand TV.,Documentary;Drama;Sci-Fi,2024-01-28,Series,180,PG-13,Aaron Cunningham,1
64,CONTENT_00000032,postgresql2,From.,Action;Sci-Fi;Thriller,2015-09-26,Short Film,180,16+,Mr. James Lin MD,1
65,CONTENT_00000033,postgresql1,Mother star.,Comedy;Drama,2024-08-04,Special,180,G,Alison Myers,1
66,CONTENT_00000033,postgresql2,Almost above.,Animation;Thriller,2020-11-04,Movie,180,12+,Denise Maddox,1
67,CONTENT_00000034,postgresql1,Exactly talk century research.,Action;Comedy;Sci-Fi,2021-04-02,Short Film,180,R,Dustin Nash,1
68,CONTENT_00000034,postgresql2,Who close.,Animation,2020-08-19,Short Film,180,16+,Christopher Mays,1
69,CONTENT_00000035,postgresql1,Past eight mention.,Action;Fantasy,2022-12-24,Short Film,180,PG-13,Richard Johnson,1
70,CONTENT_00000035,postgresql2,Ever himself goal.,Action,2022-01-27,Special,180,12+,Brittany Frazier MD,1
71,CONTENT_00000036,postgresql1,Claim what carry material his.,Drama,2021-11-13,Documentary,180,PG,Mary Coleman,1
72,CONTENT_00000036,postgresql2,Trip different tax.,Documentary;Horror,2016-09-28,Series,180,18+,Robert Benton,1
73,CONTENT_00000037,postgresql1,Push sell lead science look.,Thriller,2021-10-28,Short Film,180,PG,Tammy Dorsey,1
74,CONTENT_00000037,postgresql2,Identify according attorney.,Documentary,2017-01-20,Short Film,180,6+,Melissa Griffin,1
75,CONTENT_00000038,postgresql1,Drop quickly walk.,Action;Thriller,2021-02-15,Short Film,180,NC-17,Gregory Perez,1
76,CONTENT_00000038,postgresql2,Listen cell.,Documentary,2023-03-07,Documentary,180,12+,Robert Reynolds,1
77,CONTENT_00000039,postgresql1,Top left.,Romance,2016-05-10,Movie,180,R,Kenneth Lopez,1
78,CONTENT_00000039,postgresql2,Daughter visit statement.,Fantasy,2017-10-17,Series,180,16+,Eric Robinson,1
79,CONTENT_00000040,postgresql1,Student write list about.,Fantasy;Sci-Fi,2017-02-10,Documentary,180,G,William Miller,1
80,CONTENT_00000040,postgresql2,Theory us discussion.,Fantasy;Romance;Sci-Fi,2016-05-28,Special,180,12+,Benjamin Smith,1
81,CONTENT_00000041,postgresql1,Nothing take garden.,Action;Drama,2023-07-10,Movie,180,NC-17,Patrick Jackson,1
82,CONTENT_00000041,postgresql2,Reduce nor ask affect.,Animation;Documentary;Fantasy,2018-10-20,Documentary,180,18+,Christopher Hayden,1
83,CONTENT_00000042,postgresql1,Good modern loss seek.,Action;Documentary;Fantasy,2017-12-12,Short Film,180,PG-13,Catherine Sanchez,1
84,CONTENT_00000042,postgresql2,Study information.,Drama,2016-03-03,Series,180,6+,Austin Thomas,1
85,CONTENT_00000043,postgresql1,Return consider among feeling.,Horror,2015-06-15,Short Film,180,G,Jose Lee,1
86,CONTENT_00000043,postgresql2,Sell short firm.,Sci-Fi,2024-05-12,Special,180,18+,Jose Day,1
87,CONTENT_00000044,postgresql1,School there budget I.,Sci-Fi,2020-10-21,Documentary,180,G,Christina Mccarty,1
88,CONTENT_00000044,postgresql2,Change affect rise drug.,Animation;Drama;Horror,2024-09-30,Short Film,180,16+,Katherine Swanson,1
89,CONTENT_00000045,postgresql1,Serious model as bed.,Sci-Fi,2019-12-19,Series,180,G,Erik Beasley,1
90,CONTENT_00000045,postgresql2,Him lot suffer.,Animation,2019-08-21,Documentary,180,6+,Mary Rodgers,1
91,CONTENT_00000046,postgresql1,Work citizen increase.,Animation,2021-09-07,Special,180,PG,Paula Nguyen,1
92,CONTENT_00000046,postgresql2,Successful leg.,Fantasy,2018-09-11,Series,180,6+,Scott Wilkins,1
93,CONTENT_00000047,postgresql1,Off hot.,Sci-Fi,2019-07-20,Short Film,180,PG-13,Aaron Cunningham,1
94,CONTENT_00000047,postgresql2,Price girl sometimes.,Animation;Romance;Sci-Fi,2023-12-09,Special,180,6+,Jared Gomez,1
95,CONTENT_00000048,postgresql1,Them partner argue author wide.,Documentary;Drama,2020-06-02,Movie,180,NC-17,Angela Stark,1
96,CONTENT_00000048,postgresql2,Expect word.,Action,2021-11-08,Series,180,6+,Gregory Reed,1
97,CONTENT_00000049,postgresql1,Thus individual indeed general.,Comedy;Horror,2024-10-17,Series,180,G,Dustin Nash,1
98,CONTENT_00000049,postgresql2,Person house week.,Drama;Horror;Sci-Fi,2016-03-19,Movie,180,18+,Jared Gomez,1
99,CONTENT_00000050,postgresql1,Floor TV difference.,Animation;Fantasy;Horror,2017-08-10,Special,180,PG,Katherine Mckinney,1
100,CONTENT_00000050,postgresql2,Type great.,Drama;Horror,2023-12-02,Short Film,180,16+,Elizabeth Hamilton,1
101,CONTENT_00000051,postgresql1,Bring development bring environmental.,Drama,2023-07-01,Movie,180,PG,Christopher Parks,1
102,CONTENT_00000051,postgresql2,Current education.,Romance,2019-11-07,Documentary,180,18+,Katherine Cunningham,1
103,CONTENT_00000052,postgresql1,Family head report.,Thriller,2018-06-02,Documentary,180,G,Jasmine Green,1
104,CONTENT_00000052,postgresql2,Again year.,Documentary;Horror,2024-10-05,Movie,180,12+,Austin Thomas,1
105,CONTENT_00000053,postgresql1,Lay cup lawyer.,Drama;Thriller,2021-12-08,Series,180,PG-13,George Ward,1
106,CONTENT_00000053,postgresql2,Break.,Action;Comedy;Drama,2020-02-07,Movie,180,12+,Nancy Burns,1
107,CONTENT_00000054,postgresql1,Again yes.,Documentary;Horror,2020-04-24,Series,180,G,Mr. Christopher Bryant,1
108,CONTENT_00000054,postgresql2,Notice happen body.,Romance;Sci-Fi;Thriller,2019-07-03,Series,180,12+,Laura Reynolds,1
109,CONTENT_00000055,postgresql1,Enough statement claim require risk.,Documentary,2022-01-12,Special,180,NC-17,Robert White,1
110,CONTENT_00000055,postgresql2,About question whose.,Romance,2021-03-03,Short Film,180,16+,Edward Reed,1
111,CONTENT_00000056,postgresql1,Each play open age.,Animation;Documentary,2018-08-08,Short Film,180,G,Alison Myers,1
112,CONTENT_00000056,postgresql2,Course push easy.,Animation;Horror;Thriller,2018-05-05,Series,180,12+,Christopher Hayden,1
113,CONTENT_00000057,postgresql1,Future occur information certain.,Comedy;Drama;Thriller,2020-02-28,Movie,180,R,Catherine Sanchez,1
114,CONTENT_00000057,postgresql2,Action thought should.,Thriller,2017-02-02,Documentary,180,12+,Edward Reed,1
115,CONTENT_00000058,postgresql1,Argue risk.,Fantasy;Romance;Sci-Fi,2025-03-18,Series,180,NC-17,Richard Thompson,1
116,CONTENT_00000058,postgresql2,Nor early over.,Animation;Documentary,2018-01-21,Documentary,180,16+,Derrick Wheeler,1
117,CONTENT_00000059,postgresql1,Fast section game support.,Fantasy,2021-02-11,Documentary,180,G,Dustin Nash,1
118,CONTENT_00000059,postgresql2,Thank unit west.,Animation;Drama;Fantasy,2015-06-11,Series,180,18+,Jerry Watson,1
119,CONTENT_00000060,postgresql1,Dog on strong either particular.,Thriller,2018-09-24,Special,180,PG,Katherine Mills,1
120,CONTENT_00000060,postgresql2,Space truth bag your.,Action;Animation;Comedy,2023-09-13,Special,180,12+,Robert Benton,1
121,CONTENT_00000061,postgresql1,Rise TV herself.,Documentary;Romance,2017-01-26,Special,180,G,George Ward,1
122,CONTENT_00000061,postgresql2,Understand speak draw.,Action;Comedy,2024-01-08,Documentary,180,12+,Richard Jones,1
123,CONTENT_00000062,postgresql1,Again according huge account.,Romance,2024-02-15,Documentary,180,PG,Erik Beasley,1
124,CONTENT_00000062,postgresql2,Century image book.,Comedy;Drama;Horror,2024-10-23,Series,180,18+,Maureen Hanson,1
125,CONTENT_00000063,postgresql1,Office total.,Action;Fantasy,2016-06-06,Special,180,NC-17,Jason Brooks,1
126,CONTENT_00000063,postgresql2,Both performance.,Action;Documentary,2024-09-28,Documentary,180,12+,Julie Ferrell,1
127,CONTENT_00000064,postgresql1,Out black option.,Animation,2018-11-22,Series,180,PG,Robert Wolf,1
128,CONTENT_00000064,postgresql2,Can law.,Documentary,2018-06-08,Documentary,180,6+,Alexandra Flores,1
129,CONTENT_00000065,postgresql1,Open maybe success whatever.,Sci-Fi,2017-06-14,Movie,180,NC-17,Susan Jones,1
130,CONTENT_00000065,postgresql2,Young with.,Action;Comedy;Thriller,2020-06-22,Series,180,18+,Robert Reynolds,1
131,CONTENT_00000066,postgresql1,Part general.,Action;Comedy;Drama,2017-01-24,Short Film,180,NC-17,Nicole Williams,1
132,CONTENT_00000066,postgresql2,Adult place.,Sci-Fi,2023-09-18,Short Film,180,6+,Jose Day,1
133,CONTENT_00000067,postgresql1,Second peace.,Animation;Fantasy;Horror,2019-12-14,Special,180,NC-17,Karen Hunt,1
134,CONTENT_00000067,postgresql2,Thank tree.,Action;Fantasy,2017-03-19,Short Film,180,18+,Jerry Watson,1
135,CONTENT_00000068,postgresql1,Form attack truth.,Animation;Drama,2023-09-24,Special,180,G,Patrick Sweeney,1
136,CONTENT_00000068,postgresql2,Money store.,Comedy;Documentary,2020-09-26,Documentary,180,16+,Austin Thomas,1
137,CONTENT_00000069,postgresql1,Tree mission American politics.,Fantasy,2022-01-30,Movie,180,R,Jason Brooks,1
138,CONTENT_00000069,postgresql2,Minute ball.,Action,2019-11-08,Documentary,180,16+,Daniel Mcintyre Jr.,1
139,CONTENT_00000070,postgresql1,State dinner.,Animation;Horror;Sci-Fi,2017-03-31,Special,180,PG-13,Melanie Sparks,1
140,CONTENT_00000070,postgresql2,Own draw.,Romance,2017-01-27,Short Film,180,18+,Wendy Hernandez,1
141,CONTENT_00000071,postgresql1,See style so stay.,Thriller,2017-03-22,Documentary,180,PG,Linda Howell,1
142,CONTENT_00000071,postgresql2,Particularly point.,Animation;Drama;Fantasy,2020-09-01,Documentary,180,6+,Mary Rodgers,1
143,CONTENT_00000072,postgresql1,Responsibility front.,Action,2022-12-08,Documentary,180,R,Patrick Jackson,1
144,CONTENT_00000072,postgresql2,Decide let center.,Comedy,2021-06-15,Series,180,12+,Roger Allen,1
145,CONTENT_00000073,postgresql1,Experience war leg mention.,Romance,2019-09-18,Short Film,180,G,Kenneth Lopez,1
146,CONTENT_00000073,postgresql2,Bar.,Fantasy,2018-07-02,Documentary,180,16+,Maureen Hanson,1
147,CONTENT_00000074,postgresql1,Protect someone do situation.,Action,2022-05-25,Short Film,180,G,Melanie Sparks,1
148,CONTENT_00000074,postgresql2,South near.,Horror;Sci-Fi,2023-06-05,Short Film,180,16+,Daniel Mcintyre Jr.,1
149,CONTENT_00000075,postgresql1,Difference with cell.,Comedy;Romance;Thriller,2016-09-05,Movie,180,PG-13,Christopher Snow MD,1
150,CONTENT_00000075,postgresql2,Treat test fall.,Documentary;Drama;Fantasy,2016-03-25,Documentary,180,6+,Christian Bryant,1
151,CONTENT_00000076,postgresql1,Grow company.,Comedy;Drama,2021-01-08,Series,180,R,Nicole Williams,1
152,CONTENT_00000076,postgresql2,Side.,Drama,2023-05-30,Short Film,180,16+,Melissa White,1
153,CONTENT_00000077,postgresql1,Fund news six cause.,Animation;Sci-Fi;Thriller,2017-12-10,Special,180,PG-13,Alejandro Murillo,1
154,CONTENT_00000077,postgresql2,City next.,Action;Romance;Thriller,2024-12-27,Series,180,6+,Darlene Mcdonald,1
155,CONTENT_00000078,postgresql1,Way simply analysis more.,Thriller,2019-11-15,Special,180,PG,Carl Baker,1
156,CONTENT_00000078,postgresql2,None through can.,Comedy;Horror;Romance,2024-11-18,Short Film,180,18+,Christopher Mays,1
157,CONTENT_00000079,postgresql1,Resource market.,Animation;Thriller,2016-10-24,Short Film,180,NC-17,Diana Oconnell,1
158,CONTENT_00000079,postgresql2,For without simply.,Action;Thriller,2022-10-12,Documentary,180,16+,Jerry Watson,1
159,CONTENT_00000080,postgresql1,List same.,Sci-Fi,2022-03-23,Movie,180,PG-13,Catherine Erickson,1
160,CONTENT_00000080,postgresql2,Yard in great prevent.,Animation;Fantasy;Romance,2023-03-29,Movie,180,18+,Karen Branch,1
161,CONTENT_00000081,postgresql1,Last budget various fact.,Animation,2023-04-15,Special,180,NC-17,Brooke Trujillo,1
162,CONTENT_00000081,postgresql2,Beyond kid drug.,Animation;Drama,2018-02-21,Series,180,6+,Jessica Garcia,1
163,CONTENT_00000082,postgresql1,Opportunity show enjoy last.,Action;Drama;Sci-Fi,2022-04-11,Documentary,180,G,Christina Mccarty,1
164,CONTENT_00000082,postgresql2,Project most year.,Documentary,2016-02-02,Movie,180,6+,Pamela Koch,1
165,CONTENT_00000083,postgresql1,Few maybe.,Documentary;Sci-Fi,2023-04-15,Short Film,180,G,Jamie Gonzales,1
166,CONTENT_00000083,postgresql2,Next American.,Drama,2023-02-23,Series,180,16+,Martha Page,1
167,CONTENT_00000084,postgresql1,Small teach develop need.,Horror;Sci-Fi;Thriller,2020-01-08,Documentary,180,PG,Kyle Gregory,1
168,CONTENT_00000084,postgresql2,Prove question.,Drama;Fantasy;Thriller,2016-04-16,Special,180,12+,Derrick Wheeler,1
169,CONTENT_00000085,postgresql1,See large.,Thriller,2017-10-02,Documentary,180,G,Steven Henry,1
170,CONTENT_00000085,postgresql2,Fear maintain upon college.,Comedy;Drama;Thriller,2016-05-19,Special,180,12+,Melissa Brooks,1
171,CONTENT_00000086,postgresql1,Always last develop.,Fantasy;Sci-Fi,2020-11-07,Short Film,180,NC-17,Richard Johnson,1
172,CONTENT_00000086,postgresql2,City clearly.,Animation,2016-10-25,Movie,180,12+,Jose Day,1
173,CONTENT_00000087,postgresql1,Civil important would star.,Comedy;Documentary;Thriller,2015-07-27,Special,180,NC-17,Nancy Chambers,1
174,CONTENT_00000087,postgresql2,Rest politics student development.,Documentary;Drama,2020-12-26,Documentary,180,6+,Brandi Adams,1
175,CONTENT_00000088,postgresql1,Although music business indicate teach.,Sci-Fi,2021-05-01,Short Film,180,PG-13,Christina Alvarez,1
176,CONTENT_00000088,postgresql2,Exactly.,Documentary;Horror,2018-03-02,Series,180,18+,Kent Mcfarland,1
177,CONTENT_00000089,postgresql1,Information else those.,Comedy,2020-08-17,Special,180,NC-17,Gregory Perez,1
178,CONTENT_00000089,postgresql2,Management hospital heavy.,Romance,2015-12-05,Short Film,180,12+,Robert Graham,1
179,CONTENT_00000090,postgresql1,Minute pull at responsibility.,Animation,2017-05-01,Documentary,180,R,Catherine Sanchez,1
180,CONTENT_00000090,postgresql2,Everyone half.,Documentary;Fantasy,2018-12-18,Series,180,16+,Katherine Swanson,1
181,CONTENT_00000091,postgresql1,Rate south evening.,Drama,2016-09-29,Documentary,180,PG,Paula Nguyen,1
182,CONTENT_00000091,postgresql2,Service opportunity certain.,Drama;Fantasy;Thriller,2021-06-24,Documentary,180,12+,Megan Martin,1
183,CONTENT_00000092,postgresql1,Area style blood rise class.,Action;Drama;Sci-Fi,2025-04-14,Short Film,180,PG-13,Jason Briggs,1
184,CONTENT_00000092,postgresql2,Radio green visit.,Comedy,2022-06-21,Documentary,180,16+,Brandy Hunt,1
185,CONTENT_00000093,postgresql1,Behind whatever also when anyone.,Drama;Horror,2020-03-23,Documentary,180,PG-13,Susan Jones,1
186,CONTENT_00000093,postgresql2,Power.,Drama,2021-06-14,Documentary,180,6+,Melissa Griffin,1
187,CONTENT_00000094,postgresql1,Someone fact today.,Action;Documentary;Thriller,2017-03-04,Movie,180,NC-17,Katherine Mckinney,1
188,CONTENT_00000094,postgresql2,Item agreement.,Action;Sci-Fi;Thriller,2021-09-19,Movie,180,16+,Joseph Webster,1
189,CONTENT_00000095,postgresql1,Movie agree strong herself game.,Drama;Sci-Fi;Thriller,2018-10-25,Short Film,180,G,Christopher Snow MD,1
190,CONTENT_00000095,postgresql2,Hot usually bed.,Comedy;Documentary;Romance,2025-02-26,Documentary,180,6+,Mary Wright,1
191,CONTENT_00000096,postgresql1,Learn you movement.,Fantasy;Romance,2024-08-25,Short Film,180,R,Mr. Christopher Bryant,1
192,CONTENT_00000096,postgresql2,Opportunity heavy learn.,Fantasy;Sci-Fi,2018-10-17,Documentary,180,18+,Megan Martin,1
193,CONTENT_00000097,postgresql1,Billion might sign Democrat.,Animation;Drama,2017-09-18,Short Film,180,NC-17,Robert Wolf,1
194,CONTENT_00000097,postgresql2,Different chair.,Action;Animation,2022-10-30,Documentary,180,6+,Megan Martin,1
195,CONTENT_00000098,postgresql1,Land matter child.,Animation;Documentary;Romance,2023-08-23,Movie,180,R,Katherine Mills,1
196,CONTENT_00000098,postgresql2,Field hot kitchen.,Horror;Thriller,2018-11-18,Documentary,180,12+,Alexandra Flores,1
197,CONTENT_00000099,postgresql1,Security father again left realize.,Animation;Horror;Sci-Fi,2018-10-12,Short Film,180,PG,Nancy Chambers,1
198,CONTENT_00000099,postgresql2,More among.,Action;Drama;Romance,2018-10-16,Special,180,12+,Mary Rodgers,1
199,CONTENT_00000100,postgresql1,Week issue cost issue book.,Animation;Documentary,2021-10-02,Special,180,NC-17,Christopher Snow MD,1
200,CONTENT_00000100,postgresql2,Might national girl.,Comedy;Thriller,2018-01-14,Series,180,18+,Michelle Colon,1
201,CONTENT_00000101,postgresql1,Direction born another you discussion.,Action;Comedy,2024-06-03,Movie,180,NC-17,Susan Jones,0
202,CONTENT_00000101,postgresql2,Direction born another you discussion.,Horror;Thriller,2024-02-03,Series,180,16+,Nancy Burns,0
