user_id,user_code,source,name,age_group,gender,signup_date,subscription_status,country,district,city,postal_code,street_address,is_up_to_date
1,USER_00000000001,postgresql1,Updated Name A,15-19,Female,2024-06-01,Cancelled,Italy,Porto,Porto,4000-123,"Av. da Liberdade, 100",0
2,USER_00000000001,postgresql2,Updated Name B,15-19,Female,2024-06-02,Cancelled,Italy,Porto,Porto,4000-123,"Av. da Liberdade, 105",0
3,USER_00000000002,postgresql1,Ashlee Smith,55-64,Female,2024-01-13,Expired,Spain,Georgia,Port Nancyville,98565,682 Derek Course,1
4,USER_00000000002,postgresql2,Victoria Davis,0-9,Male,2021-05-01,Expired,Brazil,Massachusetts,Lake Nicole,10937,11865 Hardy Canyon,1
5,USER_00000000003,postgresql1,Randy Grant,15-19,Female,2022-05-17,Active,Brazil,Florida,North Christopher,91922,20446 Hill Spring,1
6,USER_00000000003,postgresql2,Alex Glass,0-9,Male,2024-11-28,Cancelled,United Kingdom,New York,Lindachester,40012,0630 Ferguson Haven Apt. 248,1
7,USER_00000000004,postgresql1,Ian Martinez,35-44,Other,2020-12-08,Cancelled,Spain,Nevada,Lake Mark,95282,24507 William Dam,1
8,USER_00000000004,postgresql2,Tracey Shelton,15-19,Other,2021-05-02,Cancelled,France,Massachusetts,Kendraburgh,89973,9932 Cynthia Mall Apt. 669,1
9,USER_00000000005,postgresql1,John Moody,55-64,Other,2021-10-28,Active,Spain,Washington,Gonzalezstad,58551,153 Robert Square,1
10,USER_00000000005,postgresql2,Kristen Soto,55-64,Other,2021-07-26,Active,Netherlands,Massachusetts,Sabrinaberg,69553,35132 Collins Unions,1
11,USER_00000000006,postgresql1,Drew Schmidt,25-34,Male,2021-01-15,Cancelled,Brazil,Ohio,West Kennethton,63242,3057 Miller Field Apt. 210,1
12,USER_00000000006,postgresql2,Kendra Mejia,45-54,Other,2020-08-01,Active,Venezuela,Maine,Lake Kathrynborough,51100,0723 Murphy Mountain Apt. 350,1
13,USER_00000000007,postgresql1,James Cox,0-9,Other,2023-06-01,Expired,Brazil,Pennsylvania,Port Lisa,74642,064 Graham Stravenue,1
14,USER_00000000007,postgresql2,Jennifer Walton,10-14,Female,2021-08-31,Cancelled,Spain,North Dakota,East James,86250,0096 Daniel Pine Suite 142,1
15,USER_00000000008,postgresql1,Joann Shelton,45-54,Other,2023-04-28,Expired,Spain,New Hampshire,Diazmouth,39846,92725 Morgan Manor Apt. 812,1
16,USER_00000000008,postgresql2,Robert Zuniga,65+,Other,2024-03-26,Active,Venezuela,Rhode Island,Scottside,54942,246 Martinez Locks,1
17,USER_00000000009,postgresql1,Nathan Newton,55-64,Other,2023-08-29,Expired,Germany,North Dakota,North Tonyaborough,35581,9932 Braun Views,1
18,USER_00000000009,postgresql2,Brooke Nelson,20-24,Female,2024-01-09,Active,United Kingdom,North Dakota,Port Kevin,81647,3021 Diana Canyon Suite 489,1
19,USER_00000000010,postgresql1,Teresa Perez,65+,Female,2023-07-27,Active,Spain,Idaho,Hamiltonville,28491,6429 Jim Rue,1
20,USER_00000000010,postgresql2,Bryan Marquez,55-64,Other,2024-11-26,Expired,Brazil,Montana,North Madisonview,18084,416 Clay Drives Apt. 209,1
21,USER_00000000011,postgresql1,Melissa Price,35-44,Female,2022-11-26,Expired,Canada,Texas,West Johnmouth,52658,5283 Peterson Coves Suite 130,1
22,USER_00000000011,postgresql2,Andre Cook,65+,Male,2022-05-11,Active,Venezuela,Maryland,West Laura,81166,2870 Corey Isle,1
23,USER_00000000012,postgresql1,Todd Jones,15-19,Other,2023-07-22,Cancelled,Germany,Georgia,Madisonside,44567,8567 Woodard Green,1
24,USER_00000000012,postgresql2,Judy Rosario,65+,Other,2020-12-13,Cancelled,Portugal,Nebraska,Jeremyburgh,81658,713 Preston Forges,1
25,USER_00000000013,postgresql1,James Johnson,0-9,Female,2021-09-20,Cancelled,United States,Vermont,Smithburgh,04786,380 Patricia Fields Suite 546,1
26,USER_00000000013,postgresql2,Brian Eaton,55-64,Other,2020-11-02,Active,Canada,Indiana,South John,73948,46548 Austin Plaza,1
27,USER_00000000014,postgresql1,Heather Arnold,0-9,Other,2023-10-03,Expired,Canada,Massachusetts,East Stephen,16633,90163 Maxwell Mission Apt. 635,1
28,USER_00000000014,postgresql2,Dillon Rivera,45-54,Female,2025-02-01,Active,Netherlands,California,Woodsbury,77852,37845 George Vista Suite 968,1
29,USER_00000000015,postgresql1,Ronald Moore,20-24,Female,2025-01-13,Active,Spain,Idaho,Elizabethville,48780,8021 Ronald Ridge Apt. 438,1
30,USER_00000000015,postgresql2,Madeline Williams,65+,Male,2024-06-08,Cancelled,France,Maine,Port Kellyhaven,32551,0132 Fuller Islands Apt. 883,1
31,USER_00000000016,postgresql1,Kelsey Hill,35-44,Male,2021-10-15,Cancelled,United States,Alabama,Port Kathrynville,34450,02428 Hart Loaf,1
32,USER_00000000016,postgresql2,Clarence Kim,20-24,Male,2025-05-16,Expired,Portugal,Indiana,Lake Mark,76583,001 David Plaza Suite 691,1
33,USER_00000000017,postgresql1,Luke Gomez,20-24,Other,2023-09-05,Active,United States,South Carolina,New Michael,59322,80556 John Parkway,1
34,USER_00000000017,postgresql2,Kelly Odom,15-19,Other,2023-06-30,Expired,United States,Michigan,East Scott,78834,09248 Mullen Green Suite 868,1
35,USER_00000000018,postgresql1,Bonnie Simon,15-19,Female,2024-02-03,Active,United Kingdom,Minnesota,Maloneland,32690,576 Ronald Manors,1
36,USER_00000000018,postgresql2,Cassandra Lopez,25-34,Other,2023-01-12,Expired,Venezuela,Massachusetts,South Justin,54483,9877 Brian Vista Apt. 745,1
37,USER_00000000019,postgresql1,Vincent Clark,15-19,Male,2024-07-31,Cancelled,Portugal,South Dakota,North Emilyborough,09355,2273 Daisy Vista,1
38,USER_00000000019,postgresql2,Stephanie Nguyen,15-19,Other,2021-07-28,Expired,Canada,California,Port Jennifer,66796,41240 Walker Plaza Suite 578,1
39,USER_00000000020,postgresql1,Katherine Washington,15-19,Other,2022-02-23,Expired,Germany,Iowa,East Kurt,28216,3226 Matthew Flat Apt. 825,1
40,USER_00000000020,postgresql2,Ryan Lawson,65+,Female,2023-02-19,Cancelled,Netherlands,Rhode Island,Lake Grant,01258,31643 Jacob Views Apt. 587,1
41,USER_00000000021,postgresql1,Martha Johnson,65+,Male,2020-06-26,Expired,France,Ohio,Shafferport,95725,9659 Jennifer Curve,1
42,USER_00000000021,postgresql2,Christine Fox,45-54,Other,2021-09-24,Active,France,Illinois,South Blakefurt,52043,29163 Jones Cliff Apt. 200,1
43,USER_00000000022,postgresql1,Matthew Simmons,0-9,Male,2023-05-14,Active,Spain,South Dakota,South Lisaview,10411,112 Ryan Stream,1
44,USER_00000000022,postgresql2,Kathy Stephens,20-24,Female,2021-12-26,Active,Canada,Kentucky,West Tiffany,24460,7978 William Mews Apt. 102,1
45,USER_00000000023,postgresql1,Jennifer Murphy,10-14,Female,2021-03-28,Expired,United States,Washington,New Michael,85025,0689 Carlos Flats Suite 896,1
46,USER_00000000023,postgresql2,Cynthia Vasquez,55-64,Other,2024-04-24,Expired,France,Washington,East Williammouth,43592,688 Lisa Isle,1
47,USER_00000000024,postgresql1,Jamie Kramer,20-24,Other,2024-09-15,Expired,United States,Connecticut,Stephensontown,83273,68504 Matthew Knolls,1
48,USER_00000000024,postgresql2,Lee Johnston DVM,20-24,Male,2020-10-08,Expired,France,Wisconsin,Perryville,73254,8096 Tracy Turnpike,1
49,USER_00000000025,postgresql1,Peter Rhodes,45-54,Male,2021-01-29,Expired,United States,Oklahoma,New Joe,55248,071 Paul Turnpike Apt. 556,1
50,USER_00000000025,postgresql2,Nicole Klein,25-34,Female,2023-12-23,Cancelled,France,Texas,East Johnhaven,64824,1720 Warren Courts Apt. 104,1
51,USER_00000000026,postgresql1,Laurie Roberts,10-14,Other,2023-08-17,Expired,United Kingdom,Virginia,Nicholastown,85079,724 Bonnie Vista,1
52,USER_00000000026,postgresql2,Emily Frazier,20-24,Female,2020-08-26,Cancelled,France,Vermont,South Theresahaven,29424,0846 Howard Fall Suite 128,1
53,USER_00000000027,postgresql1,William Cobb,35-44,Male,2020-08-11,Active,United States,California,East Rileystad,96939,522 Luke Summit Suite 544,1
54,USER_00000000027,postgresql2,Kathleen Solomon,55-64,Male,2024-10-13,Expired,Brazil,North Dakota,West Lauriebury,90051,720 Brian Overpass Apt. 849,1
55,USER_00000000028,postgresql1,Kimberly Hicks,0-9,Male,2021-09-02,Expired,Spain,Iowa,East Megan,10186,3806 Danielle Camp Apt. 242,1
56,USER_00000000028,postgresql2,Hannah Tyler,25-34,Other,2025-02-22,Active,United States,Idaho,Allenfort,10844,3097 Payne Circles,1
57,USER_00000000029,postgresql1,Shawn Armstrong,65+,Female,2020-11-13,Cancelled,Netherlands,Mississippi,New Garyhaven,73026,6873 Miller Island,1
58,USER_00000000029,postgresql2,Alexis Williams,65+,Female,2020-08-21,Cancelled,United Kingdom,Texas,Zacharytown,22144,722 Barbara Coves,1
59,USER_00000000030,postgresql1,Jacob Williams,0-9,Other,2021-01-10,Expired,Netherlands,New Jersey,Juliemouth,63276,4838 Ashley Prairie Apt. 795,1
60,USER_00000000030,postgresql2,Ann Barnett,35-44,Female,2024-02-23,Cancelled,United States,New York,Port Richardhaven,48332,226 Troy Station,1
61,USER_00000000031,postgresql1,Joshua Perkins,20-24,Other,2021-04-01,Expired,United States,Oregon,Port Steven,97370,56234 Scott Lights Suite 442,1
62,USER_00000000031,postgresql2,Barbara Smith,55-64,Other,2024-02-26,Expired,Germany,New Hampshire,Karenborough,09146,0816 Pearson Causeway Apt. 171,1
63,USER_00000000032,postgresql1,Tanya Martin,45-54,Other,2024-01-24,Expired,Spain,Michigan,South Cliffordberg,39302,56174 Anderson Isle,1
64,USER_00000000032,postgresql2,Jay Patterson,25-34,Other,2025-03-22,Cancelled,Italy,Connecticut,Kyleland,36790,98486 Daniel Extension Apt. 118,1
65,USER_00000000033,postgresql1,Kathleen Decker,45-54,Female,2021-07-17,Cancelled,Italy,New Mexico,Port Daniel,20147,12776 Heather Viaduct Apt. 877,1
66,USER_00000000033,postgresql2,Daniel Hart,20-24,Male,2022-10-07,Expired,United Kingdom,North Carolina,Erinhaven,93299,2621 Burch Key Apt. 056,1
67,USER_00000000034,postgresql1,Jennifer Hernandez,45-54,Male,2024-08-31,Expired,Germany,Texas,Lake Brendaport,32988,986 Caldwell Trail,1
68,USER_00000000034,postgresql2,Rachel Wilson,35-44,Female,2021-11-14,Cancelled,United States,Rhode Island,North Brandon,30947,4948 Pace Estates,1
69,USER_00000000035,postgresql1,Frederick Parrish,10-14,Other,2025-05-21,Active,Brazil,Maine,Nguyenburgh,26896,40437 Kevin Summit,1
70,USER_00000000035,postgresql2,Angela Li,15-19,Male,2022-03-10,Active,Venezuela,Nevada,Dwayneberg,08054,04178 Smith Row Suite 865,1
71,USER_00000000036,postgresql1,Susan Frey,10-14,Female,2022-12-10,Cancelled,United States,South Carolina,East Timothyland,61143,038 Abigail Crest,1
72,USER_00000000036,postgresql2,Dave Barrett,55-64,Female,2024-05-12,Expired,Italy,South Dakota,Feliciashire,62741,53144 Salazar Estates,1
73,USER_00000000037,postgresql1,Katie Ross,25-34,Male,2024-02-28,Cancelled,Italy,South Dakota,Murrayborough,78785,384 Hicks Cape,1
74,USER_00000000037,postgresql2,David Ward,65+,Female,2023-06-23,Cancelled,Portugal,Arizona,Gregoryburgh,05940,160 Stewart Plaza Apt. 854,1
75,USER_00000000038,postgresql1,Marcus Roach,0-9,Other,2024-03-02,Active,United States,Vermont,South Scottville,15782,135 Grant Terrace,1
76,USER_00000000038,postgresql2,Jose Garcia,45-54,Female,2025-02-01,Active,United States,Oregon,North Aaron,37668,511 Barry Fort Apt. 219,1
77,USER_00000000039,postgresql1,James Martin,0-9,Male,2023-12-08,Active,United States,Oklahoma,North Katherine,54677,6604 Rodriguez Lights,1
78,USER_00000000039,postgresql2,Tracie Welch,25-34,Female,2025-04-19,Cancelled,Netherlands,Alaska,Elizabethshire,74004,3441 Laura Place Apt. 604,1
79,USER_00000000040,postgresql1,Kayla Williams,25-34,Other,2022-02-08,Expired,Netherlands,Kansas,Lake Angelaland,52137,7179 Pam Trail Suite 468,1
80,USER_00000000040,postgresql2,Natalie Williams,35-44,Female,2023-01-27,Active,Brazil,New Hampshire,Saundersville,04713,30967 Daniel Parkway,1
81,USER_00000000041,postgresql1,Sarah Webb,35-44,Other,2022-05-29,Expired,Canada,Massachusetts,West Brett,42752,8505 Cook Estates Apt. 321,1
82,USER_00000000041,postgresql2,James Pierce,65+,Female,2024-06-18,Expired,France,New Jersey,Judithfort,15027,2959 Christian Field,1
83,USER_00000000042,postgresql1,Mitchell Chapman,35-44,Other,2021-05-07,Cancelled,Venezuela,Alabama,West Christopherview,24891,26147 Smith Rest,1
84,USER_00000000042,postgresql2,James Stephens,15-19,Other,2025-01-29,Expired,United States,New York,Port Andrew,54496,2783 Charles Divide Apt. 217,1
85,USER_00000000043,postgresql1,Paul Thomas,20-24,Male,2022-06-30,Cancelled,Venezuela,Delaware,North Suzannefort,28960,08293 Haas Greens Suite 211,1
86,USER_00000000043,postgresql2,Carlos Owen Jr.,65+,Other,2023-02-07,Active,Portugal,Ohio,New Lisa,20312,88928 Jared Port Apt. 901,1
87,USER_00000000044,postgresql1,Ellen Horton,65+,Other,2025-02-02,Cancelled,Italy,Connecticut,Gonzalezchester,27560,1906 Chad Spurs,1
88,USER_00000000044,postgresql2,Jason Thompson,65+,Other,2025-03-17,Cancelled,Netherlands,Utah,South Ryan,47269,47286 Pratt Heights,1
89,USER_00000000045,postgresql1,Ariana Gibson,0-9,Female,2024-08-01,Active,France,Maryland,Carterland,25926,479 Werner Village Suite 430,1
90,USER_00000000045,postgresql2,Patricia Roberts,65+,Other,2022-10-08,Expired,Brazil,Maine,Masseychester,04903,103 Gary Ramp Apt. 230,1
91,USER_00000000046,postgresql1,Kyle Berry,0-9,Other,2022-05-19,Expired,Netherlands,West Virginia,West Kristinamouth,32538,408 Michael Club,1
92,USER_00000000046,postgresql2,Jennifer Gardner,25-34,Other,2023-04-04,Cancelled,Italy,Nebraska,Hughesberg,71266,40136 Jose Fork,1
93,USER_00000000047,postgresql1,Ryan Harris,35-44,Other,2023-07-10,Cancelled,Canada,Utah,Port Christian,18512,4684 James Underpass Apt. 809,1
94,USER_00000000047,postgresql2,Samantha Bishop,20-24,Other,2021-07-22,Active,Netherlands,Florida,Karenport,78049,952 Chaney Coves,1
95,USER_00000000048,postgresql1,Carrie Ryan,55-64,Other,2024-12-26,Expired,Canada,New Hampshire,New Michelle,47258,5565 Katie View,1
96,USER_00000000048,postgresql2,Rebecca Hoffman,55-64,Female,2024-04-13,Cancelled,Brazil,Oregon,Lake Emily,02573,9927 Barnes Manor,1
97,USER_00000000049,postgresql1,Sandy Dorsey,10-14,Female,2021-01-20,Active,France,Tennessee,Joshuaville,42436,4788 Kidd Grove,1
98,USER_00000000049,postgresql2,Paul Brown,25-34,Other,2022-05-02,Active,Spain,Minnesota,New Clayton,24236,90778 Pierce Pike Apt. 932,1
99,USER_00000000050,postgresql1,Cindy Parker,25-34,Female,2025-03-13,Expired,France,Mississippi,Lisaport,87510,97291 Johnson Turnpike Apt. 182,1
100,USER_00000000050,postgresql2,Lindsay Brown,15-19,Female,2023-04-17,Expired,United Kingdom,Pennsylvania,Port Tanyaland,95371,173 Darrell Fork Apt. 874,1
101,USER_00000000051,postgresql1,Christopher Ray,15-19,Female,2022-05-26,Expired,Spain,Colorado,South Laura,23173,0940 Wilson Cove,1
102,USER_00000000051,postgresql2,Douglas Norman,0-9,Other,2021-11-17,Active,Portugal,Hawaii,Deanburgh,26077,99491 Brent Bridge Suite 889,1
103,USER_00000000052,postgresql1,Steven Jones,20-24,Other,2020-10-04,Expired,United Kingdom,Idaho,Smithburgh,51222,33901 Yolanda Alley Suite 400,1
104,USER_00000000052,postgresql2,Daniel Berry,15-19,Male,2021-12-09,Expired,Brazil,North Dakota,Amandaborough,50465,27620 Nicole Crossroad,1
105,USER_00000000053,postgresql1,Andrew Stewart,0-9,Other,2024-05-11,Cancelled,Germany,Minnesota,Russofort,85343,009 Emily Groves,1
106,USER_00000000053,postgresql2,Mrs. Diana Moore,35-44,Other,2021-08-08,Active,Spain,Alaska,Port Christinafort,03989,47553 Samuel Stream Apt. 342,1
107,USER_00000000054,postgresql1,Patricia Daniels,65+,Male,2024-11-12,Expired,Netherlands,Nebraska,North Ariel,27312,8020 Veronica Islands,1
108,USER_00000000054,postgresql2,David Herring,45-54,Female,2020-10-15,Cancelled,Italy,South Dakota,Livingstonton,72235,4245 Jorge Fields Apt. 536,1
109,USER_00000000055,postgresql1,Donna Davila,15-19,Other,2021-06-30,Active,Germany,West Virginia,Lake Kathryn,59478,35769 Hall Land,1
110,USER_00000000055,postgresql2,Tiffany Sandoval,35-44,Other,2025-05-25,Cancelled,Canada,Louisiana,Taylorland,41035,0022 Aaron Harbor,1
111,USER_00000000056,postgresql1,Joseph Ryan,25-34,Female,2022-09-09,Cancelled,Netherlands,South Carolina,East Jamesstad,97257,4275 Mitchell Drive,1
112,USER_00000000056,postgresql2,Katrina Lloyd,35-44,Female,2023-06-07,Expired,United States,Texas,Port Jeffreyburgh,80972,36738 Wendy Village,1
113,USER_00000000057,postgresql1,Benjamin Price,10-14,Other,2023-07-11,Active,Venezuela,Vermont,Tiffanyfurt,85085,852 Zavala Summit Apt. 846,1
114,USER_00000000057,postgresql2,Justin Campbell,0-9,Male,2020-07-11,Active,Spain,New York,Port Paul,53475,190 Lindsey Points Apt. 792,1
115,USER_00000000058,postgresql1,Christopher Herrera,55-64,Male,2024-12-02,Active,Brazil,Iowa,Jameschester,57179,522 Alex Pines,1
116,USER_00000000058,postgresql2,Mr. Michael Mcclain,65+,Male,2024-10-27,Cancelled,Netherlands,Connecticut,Zacharyfurt,32272,667 Patrick Mountain Apt. 211,1
117,USER_00000000059,postgresql1,Paul Richardson,35-44,Male,2022-01-06,Active,Portugal,New Hampshire,Diazside,07320,36987 Sarah Mews,1
118,USER_00000000059,postgresql2,Ronald Stewart,65+,Female,2024-04-05,Active,France,Hawaii,West Michaelbury,12896,9595 Jonathan Locks Suite 480,1
119,USER_00000000060,postgresql1,Dustin King,20-24,Male,2021-03-20,Expired,United States,Colorado,Charlesmouth,82532,186 Coleman Wall Apt. 804,1
120,USER_00000000060,postgresql2,Derek Johnson,10-14,Other,2020-10-30,Active,United Kingdom,Idaho,Port Jason,23200,390 Wood Estate,1
121,USER_00000000061,postgresql1,Nancy Smith,20-24,Male,2023-01-12,Cancelled,Canada,Kentucky,Connieside,08358,463 Alexandria Springs Suite 641,1
122,USER_00000000061,postgresql2,Mrs. Michelle Ellis,15-19,Male,2024-06-23,Active,Italy,Arizona,Port Monica,05613,2013 Thomas Mount Apt. 925,1
123,USER_00000000062,postgresql1,Ricky Singleton,10-14,Other,2024-01-10,Cancelled,United Kingdom,Vermont,North Madeline,56892,3247 Foster Mews Suite 687,1
124,USER_00000000062,postgresql2,Barbara Conley,20-24,Other,2023-05-21,Expired,Portugal,Louisiana,Port Rebeccahaven,37008,43784 Smith Park,1
125,USER_00000000063,postgresql1,Kenneth Castro,20-24,Other,2021-09-20,Cancelled,United Kingdom,Mississippi,West Jonathanmouth,86910,47843 White Shore,1
126,USER_00000000063,postgresql2,Ashley Davis,0-9,Other,2023-05-29,Expired,Spain,Michigan,New Timothy,62139,634 Mitchell Causeway,1
127,USER_00000000064,postgresql1,Carol Haney,35-44,Female,2023-09-10,Active,Germany,Rhode Island,Taylorland,49565,5878 Linda Inlet Apt. 096,1
128,USER_00000000064,postgresql2,Pamela Douglas,10-14,Female,2022-08-21,Active,Brazil,Wisconsin,New Kimberlyburgh,76533,763 Mark Wall Suite 177,1
129,USER_00000000065,postgresql1,Benjamin Wilson,25-34,Female,2020-11-12,Active,Netherlands,Rhode Island,East Matthew,11019,16098 James Mission,1
130,USER_00000000065,postgresql2,Nicole Deleon,45-54,Female,2023-01-13,Expired,Portugal,Mississippi,Livingstonshire,80177,02166 Dominique Mountain,1
131,USER_00000000066,postgresql1,Megan Reeves,15-19,Male,2021-09-16,Active,Spain,Wisconsin,Lake Matthew,74569,519 Acevedo Ports,1
132,USER_00000000066,postgresql2,Jordan Ibarra,65+,Other,2021-03-27,Active,Italy,Missouri,Frymouth,96096,89669 Wolfe Estate Suite 524,1
133,USER_00000000067,postgresql1,Patrick Farmer,25-34,Male,2024-01-12,Cancelled,Venezuela,Oklahoma,Davisside,96391,6164 Matthews Lane Apt. 065,1
134,USER_00000000067,postgresql2,Alexandra Shea,20-24,Female,2024-03-11,Expired,Italy,Florida,Lake Andrew,77555,99639 Molina Ports,1
135,USER_00000000068,postgresql1,Leslie Reyes,45-54,Male,2022-07-26,Cancelled,Venezuela,Kentucky,Lake Anthony,62002,883 Lauren Glens,1
136,USER_00000000068,postgresql2,Shelly Harmon,10-14,Male,2022-07-11,Expired,Brazil,Kentucky,East Lucas,52020,200 Powers Glens Apt. 731,1
137,USER_00000000069,postgresql1,Bryan Green,25-34,Female,2020-07-20,Cancelled,Portugal,Oregon,Port Cindyview,91191,85490 Oliver View Suite 289,1
138,USER_00000000069,postgresql2,Edward Pena,0-9,Other,2020-07-11,Expired,Netherlands,Maine,Stewartshire,10300,8496 Maxwell Mall Suite 805,1
139,USER_00000000070,postgresql1,Shawn Sherman,10-14,Male,2023-08-26,Active,Portugal,Illinois,Paulaside,41657,673 John Unions,1
140,USER_00000000070,postgresql2,Brendan Adams,55-64,Male,2020-08-07,Active,Germany,Delaware,Petersfort,69324,9603 Sheila Village Suite 979,1
141,USER_00000000071,postgresql1,Tracey Sutton,20-24,Other,2022-07-29,Active,Italy,Tennessee,New Sarahton,62010,606 Frances Course,1
142,USER_00000000071,postgresql2,Jessica Bass,55-64,Female,2024-10-16,Cancelled,Brazil,Louisiana,Lake Michaelton,39469,869 Kristen Green Apt. 876,1
143,USER_00000000072,postgresql1,Lori Boyd,65+,Female,2022-05-10,Cancelled,Netherlands,Kentucky,Berryfort,29174,791 Valencia Streets Suite 054,1
144,USER_00000000072,postgresql2,Jason Chavez,0-9,Other,2022-05-22,Expired,United Kingdom,Pennsylvania,Petersonton,86929,00223 Obrien Shores,1
145,USER_00000000073,postgresql1,Kevin Alexander,15-19,Other,2022-07-10,Cancelled,Spain,Kentucky,New Crystal,87513,33416 Campbell Overpass Suite 751,1
146,USER_00000000073,postgresql2,Samantha Vasquez,10-14,Male,2021-09-16,Active,Portugal,New York,West Kennethport,80608,4720 Tracey Unions,1
147,USER_00000000074,postgresql1,Kimberly Holden,35-44,Other,2021-03-08,Expired,Canada,Pennsylvania,Joshuaberg,68857,1464 Tracey Valley Suite 163,1
148,USER_00000000074,postgresql2,Bonnie Jackson,65+,Other,2025-01-16,Cancelled,Canada,Connecticut,Anaton,01355,150 Scott Trail,1
149,USER_00000000075,postgresql1,Sara Graham,65+,Male,2021-07-30,Active,Portugal,Wyoming,New Gregoryfurt,64618,3330 Matthews Mount,1
150,USER_00000000075,postgresql2,Andrew Chapman,25-34,Other,2022-12-05,Expired,United Kingdom,Indiana,Port Leslie,20054,500 John Path Apt. 758,1
151,USER_00000000076,postgresql1,Meagan Johnson,20-24,Female,2024-10-16,Expired,Netherlands,Alaska,New Bradley,20550,736 Saunders Key,1
152,USER_00000000076,postgresql2,Miguel Potter,15-19,Other,2021-12-07,Active,United Kingdom,New Hampshire,Randyfort,42125,30841 Hines Inlet Apt. 021,1
153,USER_00000000077,postgresql1,Steven Dyer,45-54,Other,2024-04-21,Active,Venezuela,South Carolina,Berryview,03952,7034 Turner Stream,1
154,USER_00000000077,postgresql2,Jason Ray,45-54,Male,2024-11-03,Cancelled,Portugal,Washington,Mcmillanton,12389,165 Johnson Expressway Suite 158,1
155,USER_00000000078,postgresql1,Gregory Nixon,55-64,Other,2022-04-23,Active,Germany,Wisconsin,Wattsborough,85007,642 Sandra Manors Apt. 548,1
156,USER_00000000078,postgresql2,Paul Thomas,45-54,Other,2023-11-23,Active,Italy,Ohio,Port Lauren,38935,484 Jennings Center,1
157,USER_00000000079,postgresql1,Sara Long,10-14,Male,2024-12-12,Expired,Venezuela,Wyoming,East Angelaview,94244,84029 Parsons Mountain,1
158,USER_00000000079,postgresql2,Victor Wagner,25-34,Female,2021-12-11,Cancelled,Germany,Vermont,Brownstad,66171,97090 Moore Island,1
159,USER_00000000080,postgresql1,Mario Brady,0-9,Other,2024-06-09,Expired,Portugal,Tennessee,Ryanland,90655,741 Howard Skyway Apt. 056,1
160,USER_00000000080,postgresql2,Isaac Hancock,55-64,Other,2022-09-02,Active,Portugal,South Carolina,Port Maria,65656,841 William Underpass Apt. 488,1
161,USER_00000000081,postgresql1,Timothy Jackson,10-14,Male,2021-01-12,Cancelled,Italy,Georgia,North Joshuaborough,75034,35165 Friedman Club Apt. 289,1
162,USER_00000000081,postgresql2,Margaret Sanders,45-54,Female,2024-05-27,Expired,France,New Hampshire,Julieville,90079,7690 Adams Land,1
163,USER_00000000082,postgresql1,Bonnie Wright,55-64,Female,2024-01-31,Cancelled,Germany,Michigan,New Christineside,26553,53102 Ashley Forge,1
164,USER_00000000082,postgresql2,Kenneth Wright,55-64,Male,2022-03-12,Cancelled,Canada,Nebraska,Hernandezton,77194,33404 Anderson Crest,1
165,USER_00000000083,postgresql1,Shelby Miller,10-14,Male,2021-04-13,Cancelled,Spain,Tennessee,Rossland,49270,016 Michelle Tunnel,1
166,USER_00000000083,postgresql2,Jamie Hughes,0-9,Other,2023-07-26,Active,Brazil,New Hampshire,Christopherton,32691,4775 Juan Stream Suite 765,1
167,USER_00000000084,postgresql1,Christopher Hernandez,45-54,Female,2025-03-25,Expired,Portugal,South Dakota,Port Stephanie,87879,050 Myers Greens,1
168,USER_00000000084,postgresql2,Laura Porter,25-34,Male,2021-06-14,Active,Portugal,Oklahoma,South Kevinville,57486,478 Kayla Plains Apt. 102,1
169,USER_00000000085,postgresql1,Jacqueline Fletcher,20-24,Female,2021-10-27,Active,France,Nebraska,West Craig,16368,2944 Decker Green,1
170,USER_00000000085,postgresql2,Kaitlyn Sanchez,10-14,Other,2020-06-14,Active,France,Maine,Jonathanchester,53046,539 Sonya Springs Apt. 140,1
171,USER_00000000086,postgresql1,Ashley Hooper,0-9,Male,2022-08-21,Expired,Venezuela,Oklahoma,Markmouth,80183,958 James Squares,1
172,USER_00000000086,postgresql2,Melissa Farrell,65+,Other,2023-07-13,Active,Netherlands,Kansas,West Jamesview,84195,0664 Donald Lights,1
173,USER_00000000087,postgresql1,Jody Orr,45-54,Other,2021-08-03,Expired,United States,Connecticut,Louisfurt,33541,03664 Willis Crossing,1
174,USER_00000000087,postgresql2,Christina Kramer,20-24,Other,2025-04-03,Expired,Venezuela,Washington,Chadton,82176,62824 Carney Parkway Suite 617,1
175,USER_00000000088,postgresql1,Scott Navarro,10-14,Male,2022-10-08,Expired,Italy,North Carolina,Jacobberg,52085,202 Lorraine Extension,1
176,USER_00000000088,postgresql2,Tiffany Fields,20-24,Other,2020-09-14,Expired,United States,Washington,Elizabethbury,16955,84217 Schroeder Cliffs,1
177,USER_00000000089,postgresql1,Joseph Allen,35-44,Male,2024-03-07,Active,Canada,New Hampshire,Lake Karenshire,64337,31576 Hansen Ville Suite 765,1
178,USER_00000000089,postgresql2,Brendan Lewis,10-14,Female,2022-04-22,Cancelled,Canada,New Mexico,Lake Catherineborough,33237,849 Allison Crossing Apt. 833,1
179,USER_00000000090,postgresql1,Eric Chapman,0-9,Male,2025-03-10,Active,Portugal,Ohio,Port Chelsea,66120,04666 Lewis Tunnel,1
180,USER_00000000090,postgresql2,Jennifer Gomez DVM,55-64,Male,2021-05-22,Expired,Brazil,Kansas,Huffberg,73941,805 Chavez Wall Suite 798,1
181,USER_00000000091,postgresql1,Michael Tanner,55-64,Male,2024-01-29,Active,Venezuela,Oklahoma,Christineland,45285,59118 Jason Keys Apt. 842,1
182,USER_00000000091,postgresql2,Matthew Haynes,20-24,Female,2023-04-24,Expired,United Kingdom,Alaska,Lake Martha,46475,0690 Hart Wells Suite 321,1
183,USER_00000000092,postgresql1,Kayla Cook,0-9,Male,2024-06-16,Expired,United Kingdom,Indiana,Coryshire,63089,829 Howard Motorway,1
184,USER_00000000092,postgresql2,Dylan Armstrong,20-24,Male,2022-11-26,Cancelled,Italy,Mississippi,South Paul,15967,3364 Morris Circles,1
185,USER_00000000093,postgresql1,Charles Murphy,10-14,Other,2025-05-21,Cancelled,Brazil,Idaho,Port Janice,52186,129 Mary Radial Apt. 787,1
186,USER_00000000093,postgresql2,Sara Barton,25-34,Other,2025-05-04,Cancelled,United Kingdom,Alaska,West Ryanport,99703,30972 Allen Skyway Suite 024,1
187,USER_00000000094,postgresql1,George Arroyo,25-34,Other,2024-04-11,Expired,Spain,West Virginia,North Paula,05141,2500 Jackson Pike,1
188,USER_00000000094,postgresql2,Robert Gregory,35-44,Male,2022-02-26,Cancelled,Spain,Washington,Samanthaville,46795,7163 Villarreal Port Apt. 846,1
189,USER_00000000095,postgresql1,Thomas Graves,10-14,Male,2024-10-22,Active,Portugal,Alaska,Elizabethmouth,51178,312 Gary Shoal Apt. 497,1
190,USER_00000000095,postgresql2,Vickie Smith,55-64,Male,2021-05-17,Cancelled,Germany,Virginia,West Crystal,48194,9174 Powell Throughway,1
191,USER_00000000096,postgresql1,Tyler Riggs,55-64,Other,2022-11-16,Expired,Germany,Oregon,Tylerberg,92840,0303 Amanda Brooks,1
192,USER_00000000096,postgresql2,Cheryl Johnson,35-44,Male,2024-05-14,Active,Venezuela,Mississippi,Williamsview,85767,2673 William Crest Apt. 497,1
193,USER_00000000097,postgresql1,Sabrina Shah,35-44,Other,2024-12-13,Cancelled,Germany,Connecticut,Davidbury,66678,436 Ricardo Manors,1
194,USER_00000000097,postgresql2,Robert Leon,65+,Other,2020-08-20,Cancelled,Venezuela,North Carolina,Port Philipmouth,04712,6999 Angela Flat Suite 780,1
195,USER_00000000098,postgresql1,Jonathan Lamb,55-64,Male,2021-10-19,Active,Brazil,California,Julieborough,27316,6613 Jessica Mill,1
196,USER_00000000098,postgresql2,Andrea Becker,55-64,Female,2022-12-26,Cancelled,United States,Delaware,Gonzalezfort,79612,35374 Harmon Hills Apt. 309,1
197,USER_00000000099,postgresql1,Antonio Petersen,20-24,Other,2023-02-16,Cancelled,Brazil,Georgia,Sharonfort,60208,9965 Xavier Ford,1
198,USER_00000000099,postgresql2,Stacey Doyle,45-54,Other,2022-08-01,Cancelled,Brazil,Connecticut,Lake Kathy,79031,2770 Salas Forest,1
199,USER_00000000100,postgresql1,Isabella Wilson,35-44,Female,2020-10-30,Active,Canada,Ohio,Port Andrea,06335,85714 Nancy Expressway Apt. 538,1
200,USER_00000000100,postgresql2,Destiny Logan,65+,Other,2025-04-24,Cancelled,Germany,New Mexico,Sarahhaven,86708,16944 Lane Wells Apt. 545,1
201,USER_00000000101,postgresql1,Jo√£o Silva,10-14,Male,2024-05-01,Active,France,Lisboa,Lisboa,1000-001,"Rua das Flores, 25",0
202,USER_00000000101,postgresql2,Maria Abreu,10-14,Male,2024-05-01,Active,France,Lisboa,Lisboa,1000-001,"Rua das Flores, 25",0
